-- phpMyAdmin SQL Dump
-- version 4.2.7.1
-- http://www.phpmyadmin.net
--
-- Host: localhost
-- Generation Time: Apr 13, 2015 at 12:24 PM
-- Server version: 5.6.20
-- PHP Version: 5.5.15

SET SQL_MODE = "NO_AUTO_VALUE_ON_ZERO";
SET time_zone = "+00:00";


/*!40101 SET @OLD_CHARACTER_SET_CLIENT=@@CHARACTER_SET_CLIENT */;
/*!40101 SET @OLD_CHARACTER_SET_RESULTS=@@CHARACTER_SET_RESULTS */;
/*!40101 SET @OLD_COLLATION_CONNECTION=@@COLLATION_CONNECTION */;
/*!40101 SET NAMES utf8 */;

--
-- Database: `project`
--

-- --------------------------------------------------------

--
-- Table structure for table `ads`
--

CREATE TABLE IF NOT EXISTS `ads` (
  `user_id` varchar(32) NOT NULL,
  `book_id` int(11) NOT NULL,
  `post_date` date NOT NULL,
  `exp_date` date NOT NULL
) ENGINE=InnoDB DEFAULT CHARSET=latin1;

--
-- Dumping data for table `ads`
--

INSERT INTO `ads` (`user_id`, `book_id`, `post_date`, `exp_date`) VALUES
('11fa011846a99d744ee6cd20ad234dc6', 7, '2015-03-13', '2015-04-12'),
('11fa011846a99d744ee6cd20ad234dc6', 8, '2015-03-13', '2015-04-12'),
('4bafc780c16b4e47080913981cc63546', 10, '2015-03-17', '2015-04-16'),
('4bafc780c16b4e47080913981cc63546', 11, '2015-03-17', '2015-04-16'),
('11fa011846a99d744ee6cd20ad234dc6', 13, '2015-04-10', '2015-05-10');

-- --------------------------------------------------------

--
-- Table structure for table `book`
--

CREATE TABLE IF NOT EXISTS `book` (
`book_id` int(11) NOT NULL,
  `name` varchar(50) NOT NULL,
  `author` varchar(50) NOT NULL,
  `publication` varchar(30) DEFAULT NULL,
  `edition` int(3) DEFAULT NULL,
  `description` varchar(150) DEFAULT NULL,
  `price` varchar(5) NOT NULL,
  `category` varchar(20) NOT NULL,
  `status` varchar(10) NOT NULL DEFAULT 'Active',
  `imagename` varchar(50) DEFAULT 'noimage.jpg',
  `image` blob
) ENGINE=InnoDB  DEFAULT CHARSET=latin1 AUTO_INCREMENT=14 ;

--
-- Dumping data for table `book`
--

INSERT INTO `book` (`book_id`, `name`, `author`, `publication`, `edition`, `description`, `price`, `category`, `status`, `imagename`, `image`) VALUES
(7, 'Data structure ', 'Tanenbeum', 'pearson', 2, 'nice book and is in good contion', '233', 'educational', 'Active', 'data-structures-using-c-and-c-400x400-imaddc4zkena', 0xffd8ffe000104a46494600010101004800480000ffdb0043000302020302020303030304030304050805050404050a070706080c0a0c0c0b0a0b0b0d0e12100d0e110e0b0b1016101113141515150c0f171816141812141514ffdb00430103040405040509050509140d0b0d1414141414141414141414141414141414141414141414141414141414141414141414141414141414141414141414141414ffc00011080190012c03012200021101031101ffc4001d000000070101010000000000000000000001020304050607080009ffc40058100001030302040404020703040d090901010203110004050621071231411322516108147181329115234252a1b1c13362d1162472a217436373748292a3c2d2e1f0f1183444538384a4b2b3252735374565668593d3ffc4001c0100010501010100000000000000000000030102040506070008ffc4004c110001020502030503070708090500000001021100030405211231064151132261719181b1d107141532a1c1f01623426292b3d33352536372d2e1f117244445547393a2c3344355a3e2ffda000c03010002110311003f00b20d719c66d54c2322ea5b50829007f8543dd65723729e55df3e5b3d51e218fca9ba88e610772074af252a237902b0e544068e2ab9d30a8b9302bb9b95a8953ce98dff0019e94645cbc8dc3ce768f3ab6fe34572126092778a239d0c6c680723db0233560ef0f5195ba4f5bb74cf4fd62bfc6937f3592b85258fd21709613bf87e328a493ea26a3b98a5510483d8f7a51b4c052803b9932379a76d1eed5446498709bb79a299715237d8ef4afe95bc29ff00ce9c8ec02c8a64a1d89f374fa5243656c607626870826a873890fd2574a5731ba78ffed08feb4a7e90ba5c1376f18ede22bfc6a3d32b027b18e9d28ce3c42408e9b88a1978789cae661eab237277372f27b7f68aff001af2723743a5dbe3b4f88a1fd6992c92413fc68124c9dfaf7a42ed1eed14fbc3e194bb4ab6bb7fd0feb4cff3a38c95d387cd72f18f570ff8d316d27701662944898f503f3a6930f1357d61c0c85ca4ed70e856fd1c3b515cbfbbe4dee1fe5e825c3bd249850d842bd668a477eb1333bd79da144d51e70a0bb7171fad72523bacf5f6a4d77ae95121c5fafe234458080413ca6260779a4b904821523f953c398699cb187857e71f744788b50ed2a99af25d529439947d60aa808884f2f4ea7bd78214a04931d84f7a7186f68beb0af8c53cb04fd89a13b8fc51f59a440e552475fb529cc530a07f2a647bb4575802be55921476f535e4beb302485131b1a2b8a0aedca00881492363ca3f3a7316868985d9e1c07153216a1dfad087d60185797a6f4995794476eb450a94c99269b9304d67ac1d0b5ad5015248e876fe2688a7481b4cf7349ac42ba9feb4200134b98195983a9c244a4ef14097fca0151f7a20f2881027d0ef4582a9d87d22864c7b5ab7832ee085ec768ec69279f2a89311ef44320193d3a03492d20802247f0a725e1a669683ade0489513d091dc514bca4180b3d7eb4dd43cc76a00011055e61d647bd10bc0fb453c3c2ff2a63afa41a37cc0044933f5a669dd420c9a50a548239814cee3e87a54299121331461d073995b1241a381ca23f99a64049fe934a8508e836a84b1d2242165f30fd7b91bcee3a77da94492133de9023cc3f746dbd384279924cefec2b46a21a2211de3025132aefd27d290755e63b4cd387132a20fde9ba872aa4f6a1838861191082ca932483b5112f2b94c1236ef46267ac904f4a4906481f87dcd2853bc26042e97153ca9312398c5288492981d09dc4d24840310636831de976c080a9dfd682a3987011e4abf56011dfd28c000a46e214a0255d0502530931d3da8cb739d7ccb515127ac50de1c3c6117472bbcb266246db7e75e6ca82c72c4cd28520a88ebda946d3bf5131f7a42bc429009c082a012adc03b748ef4642a0a768efbd191b7d0f6af0dcee36a6931ee91e00801613d76f6a2a95024089db6a5a0920492076268aaf2829037eb4814f0a034224c38a1320770691f61df6e94b900491b9f5a4c9200db7ea08a32550c21e0fd01246c3d3d6852921200d80ee2934b87af5f43460b547b9dc4f6a52731e1065020474fb5792b053ba4fa83da8aa04904c40ef46e5e5483bc9f4af3c7bca08a95181bfb9a02903960c9a39e5499907d41af2c084c48f5de9e0c2244115207a0f41140a000de76ebee695f22931b0ee6bd3e5d8f9477a1ea87b420a8246d135e3d081b93b4cd19cdfbcfa451490131b834d78482012489de852ae4dd2763bd781495cf2cc6f40d80098027b5309eb083c20ea6d2a92afe23f8d752697e0f692d35c25c065b5169fb4cb66b25372a3797372d210d11cc9dd942e213cbd523a9df6ae554922779047aedef5d1bf0e5a8f57f12f5ddbe2f23a872375a7eced94eddda29d969c6c0e44b4a1fba4a86de80d58d0946bd0a0e4e0738bbb49946714290ea56060103c73144c8e94e1edfa1592467ff0044dcdc21fb818ab50a71ab6e9e13416a4f313bc13066276144d41a4b85eddcb8f586a4bf5345d7422d908e6284058423cea449da56647490371be89c62774c60f368c464b4b5b616c1c0fbec9b7c5fcb5c2f9414b414e25c51536567784a7a0ed3542bd7b856a1c96f8ece2dbf0c256f1708520ee7980982ae80cf976240a933129492964fa98993a44b42d48643f8b8cc673ac71f86b5cb25bc05dbf77605a428aee400a4af7e61b01ec7a77ef1511c8490363ea6b59bebce16a3c6459e1726ebabe6f096edc2d08079084c02a3e5e683e69d8efd22a9daf51816351bac69b439fa35848478ae3a5cf19c9254a498fc209e54f721209dcd53d4a186a71ec8a99d4e12f30293bec1e2ae044912371d284812761f7146527955d797ef43102276fa55393ce0290f0ba8c28474f4a70d1948f36e699c93d099291b7ad386923b56a169c4412aef43a51951ebf73482e147a7da8cebbca920a8ccf5062905f7f37299983de82138852a62209c9e61d80a02d4199fbd1f9a0ccc99e9404a6762453749786b868f36895811f7f6a7452371bc7ad24c247b88f6eb46f160cf5f71b508a5cc3c16102a829eb03eb4047284fe726884f31ebf9d78a80db73e84d374c7b541c24157af7a5120981f88cf4a40100c131fd6879d13b922bda311e0a870b036dbe9bd79307f14c8ef3d6924b922489f5a04ac40fe134ceccc3b508724929040dbe9b4d15c5029049927ee6934a8293b49f734559907d052897ca14ae04f5200dcf5a072024013eb1fd288369f34edd0d154b007b77237a2f67d207aa0c20277ea68c764821439876a4883b8240af0f291bec76f5a768063da9a17e649200107a457892073057b514475e6093d857a676236f534a1023c551e59f301224f7228a920099205038a4f3edd6bc63623614e12e102b30656e993d2bc1c94882048a2a481d7a75f5a215027d474a6e8e509a9b30a2d6152361b7a522b50989ebed475292adf627f3a29091b4cd204810a4bc154a91b49edd6802f9bd411da8bb46c4edef5e0532120427b7ad30a043751815aa1240fa0da9c58e5ae71ebe6b6b97982a1e6532e14123d0c114d1c50020c1fa09a416ae6eff6a7210d984330a4b88ee4d32fdae91e0ce112d64ed2e32c5937b7cf9bdb55bc8e6495a91faf0a9ec980276ac399e37e0536ed3975a7dcbac83f709bac8bbfaa4a6e9615d481b10505439488131115868b9099063a7a6f492ee399504fd07a558cda9516090cc3ce2fa75e96b094cb1a58375fba367bde29e8cbbb4e7568d45c5f8221eb8712a408418f2feef3927907960fa81599e7afad7239abdbab2b616368f3eb71ab541d9a493213f61b54221d05044ef470e031b932237ed55150b333703d22be656ae78016de8042ca77cfb811133142b73cdd7f8d352bf3c1923d29452a0fe19fa9aaf52206164c2e89100ee69d36481dc1fad23c931bf583de2964a7cd24568945c44553ea802a48249e93de9370952e676edb52cf0dd323a9d8d148247e1883b47534c7c4379b4072f9e40dfda8140cec23fa50c73131e5ed420f2ff850dcbc7a0fe1a86e4ee46f349894a8c833e9ef4aa08329526646c2628aaf2a63ca63a91b8a698737384d27993053f7a15c738df7e9341246fd68d3200eded4d263d0593d624fa51d3e50a20753d6802bcb200eb46483b1066768eb34d27108378f73c6d13e95e428240dc1fa51c8e7100ee7b1145e8448fb52030fc88f020447515e56fbc79e0d0984907f3af27a288da3f7ba52831e84cab6923a8a2ad524888a58f73cc3ef554b4bad5ba8b3b9cb3c259e2156d8b7d16ea76f9e750a51536160809047722a6c995da257314b4a1280e4a88480090064f890227d05b6aeeb3853514b2b59e437c6f1662b1f7e95e2be6123cd1d45432b07c460a8f97d32933b7ebae09ffe5a14e99e23a8083a5c1eb0557063f850bb6b78deb64fed88d77e417131ff006357d9f18992a07b49e9b50f30e5ebf68daa20695e239026e74ba7e88b934b37a3788cae97fa5c023ff53727fad30d4db06f5d2bf68ff761df901c4bff00087d53f18903e91f7a024907b5326f407115465598d3284faa2d5f3fd68cbe1f71046dfa7b4f01ed60f1ff00a549f3eb40dee12bd55fdc851f27dc4a4ffe94faa7e30e0ac910003e87d28c9809ec7de9939c37e212ba6a7d3e9276db16e98ff5e855c31e20ac26356e091bee7f442c9ffea535570b373b8caffecfe1c113f277c4bff0dff727e30f14a9e83e828a5500ee01f7eb4d13c2cd7cb12ad67884fa4618eff9b942384badcf995adf1e90444a70a3fab942373b18dee32fd26ff0e0dfe8e3898ffb38fda4fc617e620c41dc6f444afca011d36e9492f843ad0277d796c36e89c223f9f3d19be10eae711facd7d1d374615afeaaa19bad887fbc65feccefe14107c99f131cf623f6d3f18f38a907d7ad20e8e84cec6205386f839a91425cd7f74401b8462adc7f39a31e0de65693cfaf72409ec9c7db01fca905e2c09ff7823f6277f0e09fe8b78955ff00b69fdb4c312be65ced1450a824f2c01d69fbdc19bf69a53af6becb21b427994bf95b64c003733cbed54045b621ccaf80bd7bab3c0e78f9c4dbdb06cff7a3979a3de2a449b8d9aa41326b029b7644dfee41e5fc92f144d7289492d92ca7f73c5c492b49207de8e13cfbf49f4ed5336bf0f49bdb74388d7fa95d42805a1c65c621408d8821bdc552f4d62eef0d9fd5f88b8c95de5518cca7cb32fdeac29cf0fc242a0c003a93da854f536cb9a271a0a9131528024685a705413fa400dc88ce5e782ee960a71535a13a496c17cc4e8041faf434a2894181bfaef5e2d94ab7260d0968c98123b126a028811904830edbde39844c6d4b253ce48046fbf5a4d1f8503d87f2a5d00923a8ed57aa3888ea1de80520a8048881d051540a4a7b6fde9711237dc7a5157e7048063bcd09de11a1300159300a8f714624a953cb13e95e001223e9f5a100efbc47ad3091ce3cd04208f300081ea77af29254a0a1ef20f534a472ac4126801024c7b4d3750856844a7cb1dfad1c89037d80e94a000a40208a396a1b99dbd3da985421c13d21b72cf98c4831b51d21533e9dc76a3281800fec8dbd85780027ac759af6a846682f2890411bf71468850824a67a8a327cbd5323d8d18024824796909870104289024413fd6bc5a91d0fdcd2c120091bc6dbd01109800134d0a8769109787b99e94970a931a975e0023fcfedc9f7fd40a78da493d607a1a1e1335cdaa75e89dfe72d4ffcc74a89765358abff00b08fdecb8eb5f264026fe857eaabdc62eaa1ccb2623eb47f0473020120991da9db96c943db03f4a50320921291d077e95f3d199d23ec4ed072865f2e092798820ec297653109dbebe94a967d3a8ea3d29645b2800522427731da86570c33319841b484c8546fb7734b21b921460ced47430b0a1d7eb4b2d295404ec67a4d014a8095661a063cc2764fac4d15c664499006d352896cf20260aa7613492db09494ede6ee0f4a1898f0826e618064449044529e08e52778ea36a76ddbc003650f5ee4d63b9bf88945a65ee2db158545ed8dbacb66eee6e8b5e3906096d2107cb320295d7ac4569ec3c3977e279eaa7b448335490e588000f124819e59cc53dd2f94366942757cd08492c1f99f00331aaad2793d4c6f4809241dfad5631dc69d2193559db0ca218cbdda55cb8b0853972149482a1c89492763b28083bc7431349bdccdfaca71f86168cc6d759673c39fa348e65fe7cb502a6d95b4135522b25194a492085f7720b1df7cf4789d4f70a7a89426c85052487046707ca1f28f224ec60fa7ad43e5f50d86216137776db6f750c0256eabe8da6547ec29d8d27797614acae66e6eb9bfda2cd3f28c81e9e5256afa95d38c569bc6e05b5378eb462c90412a2ca214b3ea55d4fdc9a0034d2feb28a8f8607a9cff00db1293396afaa1bcfe03e3149d50bccea7d3b7d638cc53d6e2e5ae51717ce8b7253b1808dd72448f304f5de2b9f2df137d7f9bf95b569e7aec2d4d2ecd2825d2e4f429ea088eff00f6d76125a4cedb08ee6a1adf41d85c6bc773af8f15d558a2dfe594da7c310e12164c4a95db7276dab4f69be53d105a26cb64b121b727018bbefd70dd22de96ef516c96a1252145446f866f2dc7873eb129c3cc12f4e695b1c795a6e14c3411e223f09eeae5feef315007b8008eb58df87e1f1178869208273093bfbb08ae8f6925481b831d86d5ced74d1ff64fe22c6dff00daad1e9d7fcdd157dc1757f3baaba5411a75a0161c9e74bc7db1c03e51b51b3a028b9d63dc6172d80b112268d3b9d92afa89af1490e46c9a22b981f2981ef5b377da3e63faa61ca11e4483bec3f952e81cb3b907dc6d456f6481d081470483bee23d6b4273105400541a4255ba667a6d4551e82227da28ca9e4528418ff1a412e1524a95b01bfad3425c3c0c962d0aaf915053d7bed4049813d0771d289cf0b3eb3334a104898dbbefda984478178f01cb1bcc8fca8207313dbdbbd0ccac9131bc1a228900ef2676a133987e1a16481267eb46d8800181d7ef4923988d9504efed4752f95277efd290a5e1c0868024ff00dfd681212046c55d77a1dd511d3ac7ad00499ea3ea691b10dde0c13253d37af14f986c445794b2881132074a1e633da4f591485e1e1a0c54127bc7a035e0900125324d177501dcd1bf0a569efda9008510741ee008f7a3f085be7d59af8011173687fe64d209249dc0029e706933ac35f447f6d647fe64d41bc62c3703fa88fdf4a8ea7f274a6be4bf257ba3415b0a4ad677314a36c993d81f5ef4f0b1e22d55e4b6a0374c9af9c3b478fad8cc86a2dcf3000cf7e94b36c7281b4cd2cdb652a048dbb4f6a5dab6926089f42684a990354ceb0825b253e9bf7144f0010394411ed4f1bb7257ef4b7cb9489068456d03ed0086a18f2ef1fe144537c8620411d694c95fdae1ad8dd5fdcb76f6e08485acc493d12075528f60249f4a837edf31aaf992da9fd3f8a2042c009be7c7b032191f595ffa14795295306b51d29ea7eee64f80f6c08ce092db98265351b1697671f66cb996cac09b1b52029b07a29d59d9a4fbab73d81ae49e23f0bb2389cde2f179343cca92f25cb65da4a9aba56f094b8401200208307a9f4aed0c2e0ad3096bf2f636cddab255cca081bad47aa944eea51f5249f7a65abb48d967ef34f3976d3ae2b1d914de301b70a5297436b014a1fb404911bf5e95d4781b8fa670555cdf9b4a0b953432c29dc94b9490c5831e59dcb9386c6f12f0f4ae229484ce9850b417494b61f046465c466fc08d3cd62acaf1176c86331ce56b6dd4279f90ec95214279d102399263994a4f6df590c84c9006dd00a4733811956da712e2ed6f583ccc5db4073b47b8f74988524ec47a1008aa0e2ae17117590c7e7ee0627298f0df8e8536e16df2b9e536e6399d1b6e00253307d6b2f7cb9567185ce75d420aa64c2e5290edb00cdb8dbc5f78b9b652d3d8e865d1a54c8961813eb98b7a81e8606dd0520a61299204fd7a533d37aa311ac195bd88be171e19871b28536e37e9cc8580a00f631bd4aad9e4509124fa75acacd953696619339252a1b820823cc18bc933e5cd485ca5020f3190618b36c3981e80ee27a51ad125194502a48fd4831267f19edd3ef4f516e4a607de68cc5a29392503240647ed08fc4699da615e5049931c661f3699498133e9eb5cef91414714b8822449c8b076ff008322ba3d9676ee26b9d33682d71575f24f41796c7ff8645749f93e2f32e03faa1fbd971c8be50883691fdb1ee31e706f3236af4a46c0a7ef46fda33d847b51797d0cfd48ae864b47cd07ac384749de206e28f20983d3d7d45118de2009481bc6c36a373c1f37fe15a9e5158adde145369850df7ef114893e720ec3a7d29453a077264099a4d4489f2ed14cc6d033bc0295e607a1f4a3289907a0f6d850754993d0ced4200833f9c53310b981519015103d3a5020127ed32457a55b7711e942910494eea3d07ad2308583f2a4083ba875140a8883e5fad790b3bfa0126856a4ab78d87ad26043b7102a1e1ab955215dc11444eea800c7f2a052b98f524fd6812a2771b8a63084783a8f423f9508224027eb451d2401e94222046fdebcc215cc1f6980263da8c98292209e93bd264aa448dba6d4641831229310a0e60c2040036a92e0c25275a6bd49992ab1303fde95519cca8dbd76a98e09cff973af011d5160a98ff735d55df1be80b837f313fbe951d3be4fd4d7b97e4af746a65a1d77907ac50b8cc2f61b98dc0eb4ec0813ca08fa5290546129d87b57cbfae3eabd661826dfc43ed3dfb52cd35053b148f4a73c84400047f1a35ddddbe36c5dbabb75bb6b7653cce3ceac25291ea49a4d45442521de18a9b8cc667c5dd797da41ab5b2c572357f7895baabc75214186d240f2a4ec54a2604ec209df6aceb4ef1a3545fd8bb6f8fbcb7cadc5f14b16977906c2116cea8801d3c880568133cb13d0831357ce22e92cc713ad9391c6e3dbb766cda71b61bbf25a7afd2a293b03b349d89057baa77091bd65bc1dd2b7791b2c6e7ecec9c73036ee38958e6538b682145b528750be4209e44124800c8020fd23c334bc26ae18982e011f384bead59505392800f8803ba39b821de38adf2a38993c412be65abe6e4a599b4e9fd3d5cdfa1e8cd1d1180d1a6d9db6c8e5df396cfa5b855daffb3649fc49611b06d33b4c7311d49ab129a4f40983de97b6b96df61b718710e32e24290b42a52a49dc107b88a3a811d60d7cd33ea264e5954cf4d9bc00e43c23b0255a70219a58feeccf7a65966007716a5807fcf131cc82adf917d08e87dcff005a9a6c8036dc034c32e478d8c95a5337a81bb853fb0bd87ef7fa3fe15e92b2667afba14cc30a86091d262b9f3e211bbeb3d46cde21953d18d526cd1d073f328b8013d093e1cfb45746a7713b1edd2a81c51c0b7aced6db4ea9b0e17d2f5d95f3a9bf083483c879d3e64cb8b6c6dd4050ad97055e9364bd4aad9a8d490083d4020b91e23eddb9c66b88edabbddae6d0a17a4a998f2704163e0763182f03d79fbcd558d75f4ad2fdba946e394800b2a01002e0c7996440f500fec935d465924cc03544e11e815687b5b6b2bf79bbcbe76cdabc2eb4496fc7e5f0de52644ef28226602d4010099d20a2153bfe5573f281c41497fbb09f46864a5212fcd5939f66d117842d13ac36ef9ace5ea254558d83f21e10c116ebebe9da94b4654326798020b204f2f6e73dff00a7de9c7299e933d64503207e94db65780369331cfe9fd6b9a05920f946d262c910fd3664f706b9a35336a678bdaf92368b9b43bffc1935d40ca88ea3f3ae65d5e95278c9af129da5db23e9d6d85750f9385133ebc1fe847efa5472ce3d51369cff00393f7c3271479a263d6801264c8ebdc50bc085107b7bd240295e9f79aea0a23947cde7789060720dc8dc0de268e1209f7f6a168108123611dbfef3471e75111b7735a256d10ca7309a5b093b83ed49aa4a8c0335ac70fb118dca601cb7695608cdaee3993fa4190e075a11e5483da6648dea51ec4d86074eb2e5edad959dda6f9f6d5cf689782a0a9496cabb27a0e6f4ac254714ca9152aa51289505690399c1c80db619c3f8b46be470ccc9f4e9a8ed40494bbf21b61df7cec5bc1e315437caa3cdb09fe35e298dfbf6835a9dea18d25a3b09796b8db471fc83ab71f5ddb0974c0321adfa0036db7da9e376f6184c1606fedec2d5c5656f545f4beca5cfd595406813f84007b7a5115c47dded112490a52929c80e53ab53f4faa5b77c6d0c4f0e1d5a1534021214ac1c053379ee1f66f18c8121408d81d8889af2db494113bfd6b7338bc0e1f277783b8b4b745bde5d3ad3172500ad851436a4a42a2625447e54967536f85c23d70dd8592d49cdaedd4176a8214dcfe0e9b0fa556238bc4c5a132e41efb6972ce0f3d8f30411cbdb13d5c26a96852973c775dd83b11ede8410630e48f4311d68ea26604401d49ad0750e9fb4c071319b5b342516a6e185a593e6080a29253bf6dcd5a33d756bfe5ab38d652957859168aedfe59b4a5a479774902483cc410af515653b88d3f9a5499454168ed32598637c1ebd62ba570ea8f6899b3424a17a36773e191d23142952c933d3bd1923ac0fa0076adb327656f967356b6fdbb295626e5b76d1f4349429b123c92009063a1f5a994dd947113298f434d26d93665ee4f0d3f8b91307a6d1bfe66aa97c5c749d323213a8f7b93208cb65c2c72c107ce2c91c27deef4fc15691dde6ea1d7aa4fb3d239ec24f28047e2efd28430a09e907b56e3a7bc1d5380c1ab20db4b0f658f8a9e5003852d93047b9131d2896174ee6ed333fa44a4bb8ccab3f2abe4092d4ba072081d2368f7a22f8ad4852d0a919416577baab406c673becc3aed089e150a4a14276161d3dde89d45f38c6dbb9e918a388524429241efb74a480528742207e55b1eaecbdaea3d0f91bb4c337ed3ad5a5cb48d810971452a03df7fe5dab240d8929807d8f7ad25a2e2bb9495ae64aecd4956921df600f418ce3c3319cbadb536f9c944b99ad2a0e0b37323c7a67d2124081d6a7b8208075d6bb91d59c7abfd472a1c200482371e82a7b81c857fb216b7006df2b8f307e8ed49bee2c171ff969fdeca8d6f01f76f52fc95ee31ae1664ec9fe346e44c94c7993d40ea2aa7c61cddee9dd077d7760e2ed9f52db67c66cf99b0a56e47bc0807b4d72762756e47139b3758d79765768503f34854ad4489333f880913cd20d704b4f0fcdbb53aa7a57a5b6c3f4df3e3e31f63dbacf3ee728cd96a0002c1df259f96d8e663b2b37a86d30aedbdaa5972ff2b700f818fb5853ab1fbca9d9081dd6a848f73b5238dd2d7191bb6723a8d4d5ddca0f3b18f68936968a9d8807fb4707feb1436fd909a65c1dd2b61a7348db3b6e87d5777dfafbc7ef5e2f3ce3d3e695ab7e50a9213d133b0abfa182b320881daa86b562df3a652c97749292a3838c1037d23dae7ab62323af580a56d0dda612bfc48067b1a89c0e35ab5c4b6db16e9b56c2dc3c8db019dfc457ec8d876dfbec7bd5910d9491040dfb0a8dd3aca3f45a790200f15efc1cd1fdaae7f16f3333efd368aa94cc224ab3cc7b951eed32f158c829bd0287f20b521bd3a0176ed07ff423fb4ea7fdccf552474fc43b8a97b5d4988bbb7b3b8464ecbc2bd690fdba8be849750a00a54904c904115279764af1b79fa945c90c2e195a4292e1e530920ec64ed5c32f038f7ad586ad50965ce62b521294a100011000ee4c00360018d8456b2d16c45f10a2b5695a79e3218efe38df9f9e62fed36c5dd14b017a425b939725863a75e91dce96fcb0047db6a65966d5cf6012144fcda09090088e55759e83e9bf4aa7701b3190cae9128bd7cbde0af95852b7506c129e527b8052a8277891daaf9966bcd8e2636bc6f7536571b2b711d0fbf41f7aa1aaa4996ead552cddd3ee21c7d84452ce1d8cd5ca25f4923da0b1f742192bfb4c2d939737f72cd9b0812a71e584247dff00a567ba0359b7ad356eaf7906d8316be1d9e3941c3e2dc309495addf0d401092b5c4f7e4eddd8fc48337e9b3c238d82ab04adc0adb6f1881ca7dbcbce07deb16d02bca3b9ab75a0aad2fda3e278adabca909473acfaf288524fa8ff00480ad7d8ec49afa22b42bf393303c3bdfe19e80c5fd3dad13adebaf5cc6d21459b1dd1b13c9f94741ebfcedc690c0e9fcdb2d32e0b6b961a7d0fb85a57cbb890877950012b52410be41fb9de2ac3a7f56e1b57070e26fd175e1eea44142d2276252a00807d622b26e3cb37a9634c3a5a8b6361ca96f7003b00a9227798e51bef00cf7aa37072db38dea8c7bc94a92f30ea56ef8479406bca9503ecb52b9797b9527b8a2d3d85171b7898957e706a6f27258f80639c339de165db65fd1aab82a6360966c60b313d4f28eab16f0a1dcc522cb0a39220f311e0489223f1fa759a9516dbfe1e9fc688cdace587977f008909feff00ef7f4fbd7384ccdfca338a9ac2154300813d6b98f5c27c3e356b84ef25360afcedebabd16e100409ae54e2102d71d75c2636f071caff009835d53e4d17aaaebc7f51ff009654735e375ebb49fed27ef88877f16c24d2647312448f6029cbab2164f63da93ee6523ef5d70a491b47ce6a1987897a6dc277e5f63d28cdbdcc048d80a452b0111d3a6df6a51696c9010368de6b4e40e71054a2f167c2eb4561d8b76858da5d2ed9c53acbafb6a2a428907a8224489834f9ce265f5cdb258bbb5b1be487cdccdc34552e1324ec47af4e95956a4d7784d20b6d196ba55a1704a14595a927db980227da66a1471b7458255fa6404c424961c11f5da829e0c557ff00ad22894b7c8504a8f5d88f12768bb9375b8a25844b51d3b6d8e5e19da3686388776d593d6770c5ae42d1c74be19bb6b9d2859324a60823af4ff1a2da7126fecdb2d962dae19f98374db6fb0141970f747a7b0e9593e1f89fa5f3ae25ab3cc5b29e56c943a4b455f4e6026ad0a5832637a8555c332295465d552e9272c52467ab1fb48df9c0cde6e12c8fce10463d9f7889ebfd5d759409170a438e7cc2ee4ba47994b544cfb7946ded531feca796e45254dd92829f3750bb60a1e29fda13d0d5279c05811b476aa6ea2e2e69bd2997771d93b8b962eda82a48b65a8411208236229f4fc352ae8a14f2297b42972004bb0e7810d9375af0a2654c539ddb9b4692e6a2bbb8cd7e947ddf1ef3c50e971626540ed23d361b54e5c71272978f17dc1682e0ba8754e376a80b52906525440dc081b7d2b30d09abecf88ece55fc0b17b7b6d8c6d0ededcfcaa92d3095ab951cca3b0e63b01de0fa54cdeddb78eb3b9b97cf2b4c36a71663a04a493fc053abb8791267a6455d3695a400014e402cc00e9e1e50d45c6ba9dc05a86a2e77c9ebe7170c8f1132d9365c69e75a0db8ea5d7434c25bf1563a15c0f3741d6851c46cb0cbbd94f1daf9e75a0cadcf053ba476888ac155f119a342532f5ecab7e5f9533fce9147c47e8e1cc52e5f2bd0fca1ff00ad5749f93cad09d29b696c8fa9c8b3f2e6c3d0748926beeaa56a2b5bfb7c5bde7d4c6eed6b0bf6f1ccd8b4f06ad987be61b0da024a1cebcc1513de9c5f710733925325eb94cb6e87e12d25214e27a29400f31facd66dc3fd6d61c46b4cb5d621bb816d8df03e61cb8406e0ba561102493ba089fa7ad5816be513f8baec3afdaa8eb387a55154765554c1330658a43f7b2fed80aae55f2c6854c500c30e761b7a44b0cf5d25bbb67c44f877ab0b7d1c83cc4191db6dcf6a8e0e40240133bfe7594dc7c4669962e54d396d9343a8514293e02252a0608fc7d4569da79d733da3713aa116aedbe272ab793685e5a3c47434be55ab912a240e6902624835a0a9e1cafb5c8f9c54531968246599cb30fb07a088733e70b1aa63b0ebcb3f13f6c3a0491d80f73564e03721e22eb74912a3658f3ffd5aab2165420a48dfed56af87d6f9f89dad818fff000eb03feb3a2b1bc418e1eb97fcb1fbd971b6e085b5e651f03ee8d8f3383b0cee32e71f7cc87ed2e51c8e2092247d46e0f4335843ff000da9d2f90fd2ed64d192b0b4b94dc1b5b9b4e751607e34940f2ad491e61d95cb052648ae92f93de481f48af0b52400223d62be62b5dfab2d0a26956c0ee0807d1c163e223ea5456ce972d52a54c5252adc0243f9b446626d2d6dec586ed57e2b2100a173cdce0efcd3de6667dea4d9481b01d474154fc16a0b1c16adb8d18f38b6df6adce42d16eb650d0b52a03c3e7309250b51480093cbcb3d2af96cd2639810644823a115515c9988985531ceaef02798397f6f3f18af2b0030822129e606237f4a61810838b0614afd6bdb973c43fdaafbff004edd3b54db4c739067f854760583fa360f372875f10b4807fb55f61b7fd9d77a82163b25798f7180eb80201e80d63fc45f879c66a4babecbe32eae31b7eb429d36cda12b65c73f16c36292a220c18dc9001adc936c0a7ed5e36c129049850de6a6505d6a2d9384ea6531f507cc1c448975732493d92ca49c60907ec8aae8ec3d8637056a6c1b4865e69b712a084a653c8394424000010001ef324925de6400ac6f3009ff003e6a3994532615d23a9f63b1aa9e95d7f88c36a9d43a3f24edae1158db941b0f9bbc6d3f34cbe14e27c34ccc24ca60ee3611eb7ccab21671e12547fcedad82c27f7bd7afd06f52ebbe729ae33aa5c95f7828f304382fe44796d1192b012c06219e6309679fc6bf8fc85aa2eecde41438cac79543fa1f42371d4551b4ff000c31ba21a72d7178dbbb87d6541ab8b87bc46ced292eae39a01e80f36e011bee3560cc200276fa557f56eb2c0687b445ce6b276f8d42c94b61e512b70f70948951fb0a15bae35d2b552d1951d78d29273ec1bf88e621faf58d273154e2169c6755dae2f4aaed51736eff0035c3c1d5a93cadb29f21e6490a12ea9a04a4cc735573841c3c3a05ac2b77ef357f7b796014e3cd2945b5dcb53fac00f7536bef24142a0ee6acbc2fd528d7da9f55666ddcb57f12cbace3b1af32e92b5b4949716a53644a256b8dfaf26c36af711f2f71a53860de7ed5b65cbdc506aeda6af1f4dbf8853b29048104a92a52790752606f5a297515d4c0d952a29d7a4283b3a960963d324050f0cc34ab56e36fc6d1764a14adb9608a6e907f4c81290af963b6fcd1ce3ed1fc6a0744f16f49ebebaf94c3e53c5bd4a79cdb3ecad971400dca42c0e603bc74ab78b70730800edf2ca31ce3f7d3fb3fd7ed5949d4f514335526aa594298e0820fdb0e5af4ee21c328540e95c97c4d4f271ef5a0de4da634edfef2aaec06da493dd20f5ae45e2ca7c3f881d5e3b1b0c71ff9b5d74df93053d7d70fea0fef65473de3353da95fda4c41ba24c02445241713e6efdc529b28c4ee7acd2040932083ed5db0bb347cf6a39710fb64122048da37a581840883b0dfb8a143b2dc248e82668a4c999deafcaa212b06328f8976cab87b6e41dc641b823b4a560c0a69f05983c6bf9ad6997c8e2ec72f7589d3ca7ec9ac930ddcb4d3abba65af10b6b0525412b54730d899a79f1289715c3a6c0dcfcfb267b745d27f059cc1ee23a151cabd2e549008ed7d6f5f415866ad1c0f50a429882bdbd91a2a2245338e4fee881f894d036c9691aa315636d8f3e206ef6decadd0cb2a9fc2e06d309499d8c000c831d6a4be1a35a5dea86721a76edc5bd71676aabcb42e2e4a994478adefd7941e71ec143b0abc716821ce1d6a12ef2a929b552c05891208227ee05623f08c82f7c44684b7485389bac98b558ec5a71b5a17feaa8d3ac6fc4bc295122bbbca92fa5472430d433e1b79621b4e9f9ec92999920ef1d32b410a11b1ae69d75a2aeb88b82e227125bb80de274ee46c31ad32a062e03a5693ca7b7286c28fb2eb77e20e78696d1791be0e869c6da2d32a27fdb17e549fcccfdab27b4d53aaf45fc3e35a673bc3cc959e8ecbbeee493a885a3a8176e3ada50d2f9d43c352521239771324d51700535453a26dca425d5a92801c070e14b67dce900633980db505055359db1087c1fea74b1a973fa61c24a33b8d57cba01306ead8f8edfe684bc9ff008e2b74cae9d7f56e39582b55784fe556d580748d9a4bab4a14e1f64a54547e95c5fc35d5ee684d7586cfdb84adfc5ddb3741207957caa0a5209f4239924fbd776e76dadadb2b702d17cf64e283d6aa4ee14c2d21c6cffc8526a5fca5d22a82e94f74969facdfb492e1fd8de905b8a34ad335b6ff003f8c537e2491a5f49708b3da6343606c31780b65b0caaffe590e5fe48a1e4febdeb85279e5447304a4a520188ac6be0a1b695c66b8756d36e29bc06596da1e692ea414daac8252a0413b7715a3f1d5bf1385f98483c87f544956d1fad4d66df04479b8c970027ae033009f5ff3370d5d70cd64face13b8d44e592b2579273f5131368e7ae7cb52d479fa784745e84d21638bd4fabaeecadedb1f6998c1385db7b7425965372c3cdbcdad081001500ea612009edbd42eb1cda34c698ca64dc5f2f80ca8b663ab844207dd4454e01cbb931d80ac8b8f97390d40ad3fa33096ee5ee5f377a94b56acc73ba79821b489fde5abbfa571eb509fc4776a691525d98289fe6a725cf8270fe514292aaa9884ab71fe7194f15b856f70f34270e3523972b72ef57639ec93ad2800a6396e1486c88ecb6c257f59adb7e19b552f53f086ff0014eab9eeb4ee47c64295babe5eec499f60f347eeed67ff001239ce210d3f8bc3710b470c0bb628b7b4c5dd5b2026dd0d30d7845a4a92a5a49e51bc2a67722a33e127573d65c4eb7c03aa48b6d4768ee1ccedcce28f896e64f587db6c03fde22be88bc51cfbdf0cd4266805692a524a482084974b11fabdd8d3ce97daca5259b97e3db1d2e9dd40fa0ef56ef878213c59d60989e6c4d8ab7ff7c72aa684ef04149fdd3dbdaadbf0f491fecc3ab0286c7096844ffbeaebe2ae202f60b90feabff24b8370662ef2fdbee8e88080e2a768a3140ea37ef34b06c74036f6a552d00a1d08fad7c6c56d1f4915c706fc5aeaabe7f88793b6be0b76c70e909b3b5265225a4ad4b09e9ccb2624cec00ed577f843d7f9977517f93b70ae7c4bb6ca78304950b67644721ec932411d36911bd6c3c72f87ec67152dd3916ae5589cddb200f9a6dbf103eda64f86b477ef0a1b8e9b8daa4783bc14c6f0d6d8bcc3ff0034e3dcae25c1cde6f29014a2639880b50000484f32b624935f404de2ae1da8e0efa3e6a1a7251a4274fe9b61415b6fde397dc43a6d40ecc2109c96ce18673e39da34a6d2147b0fad30d38da538d5848404fcc3f3cad946fe32fb1fe7dfaf7a974b7cd0209de98e986c7e8a4388f334f38ebc850528ca54e2940f9803d0f4edd06d15f3e857e655e63ef888550ec371d636a8fcfaae6db097ee59a79ef1bb6756c26265c082523f38a9c090a4fe181fce935b3cf300934097342161443b1840b6398f95790ca5fbf9668a926ecdc85bd7574f82a529440324f75151333dabb53e1c73b97cef0d7189ca3af5c7cb645b16cf388e73e04a8253277e5052a015d408ed52dae7e15f4bea7d4aacf30d5c5b5c38b53b738f69d09b6ba51104c7fb5a89dcc1e526646e4d68580d249b0b7b4b6161f236564f1710871d4a96ead29086d7e484a10132022200098000afa1f8b78e2c97fb24a912251134107200d0c320672fb060cd92ccd12ea6acced284a580cefe0cc3c39c4d94ca3da2b89be30919db6e20dcad83ce578f6bf4625447284ee1cebe8e7313ff0017dabb910c14a77883e9559d79c32c0f12b1071b9eb04ddb295788d3895143acae3f12163707dba1ef35cbb83788a4f0d5d935d3d1ad0c416dc03cc3f31ee710922a04a56a8e3af845733878816ae25c5a5a0c86f2099002cacf91040d8910a50f40851f5ad33e282c6f1de18693b8b5f35832fcbe5b414a015370d2883d3f6c09e8543d6b5fd15c3ab2d11648c661b0efda3c96f97e69d752a69014a852d2a03759039b74c9d8131b55d2e701697d88731b76ca2eecdc67c071ab80149711cb042874323ad6dafbc71473b8924dea9247765e97059d4c14092ce0614c9cf2f454d5abb7edd439ede837ebce3e6f70bacf3d7fa9b10d203c8c83573e38532b1ccda10ae72e023a2529067d623f6a0fd18b565d73256eb711caa55a12a4f28104ad263d47711d2aa5a6383da7f87976a770d80f12dd6ea569436f7329a255d48591cc84ec449511d848157cc459dc3efbb7b74d26ddd71296db60f2a96d201248528121449df6d86c37dcd40e3ee2fa3e2799266d24ad025a4872da8953618138192e7c7c1c75356a9ebd4430000197f692c2170d12208315c7dc62406fe20f5624cf31c6638efd3f02ebb4bc2824088ae34e360e5f88cd4e3a736231c76ffda0a77c95cc26e35a3fa83fbd951cf38b97aad6a1e23df158212857d779229327732b00cd2af0dc09faf4a2c827789f6aee9a983c7032330f123f56951f6da95f09494830608da85281e1a42ba0a50951484cc01bc55f12fb4475246a2f1947c49381ae1d0501e637cc800edd9555bf84cd598fd2b92d589cb5e3560d6434f3b68c2ee9696d2a7fe619702013d494b6afb88ee2777569fd29977bc4d4fa69ad4e84a4061ababdb8610c9de54034b482483127b510e88e13030384b85540ff006cc9e40eff00ff00bd75cb2f135a68f87d767abd6ebd4e529059fa39ced1774d365224e952c025fafc2310e3af142c6ef0aee0b13748bd7ee48f99718505a10d8331cc362490263a006addf05dc2cbad349c8f1773b6a6d71b8fb67ed3021d494aafb22eb65016d88f321a4296a2be93006e0d6a58cc470e700fa6e31bc27d26cdca7f03b762eaf0263a1e475e527f3069f6a6d6394d5d70cbb92b93722ddb0d30ca521b6addb1d10db6901284881b00282be2db7db2ceab4d990aefbea5a9812f8380fcb1e03c61c89f22965e996ad47efea7cbca304e32dda752ea2d2ba21b71295646f190fa924028f1161a6a4ffc651fb0ae8ce2de65bbad639bc758733785b58c53167cdfa936cc2432941474221130477aaa58e99d0a9478b7dc38c066320495bb90bd72ecbaea8999514be120f41b01d0539cb5d5b5fdf78d698fb7c3b494a528b7b4f10b68e5004cad4a54989249324d66ae776a45db6928a84a8194e54e19d4a62e189db61e0d10e64d4a29c4b96acbb9de389389da519d21af6ff1d8ee7369ce875b6c6fc81439b90fd3a0f68aeade186a96f59f0974cdd737f9de29a384ba4a88e6fd5799859fab4b4a67fdcc8ed563c6613445bdbb6dbfc32d27927d23f59797b6cfb8f3ca99e659f180267daa42ddcd318e66e7f44682d2b85b879a5346eac6c5c4bada4c4f29538403b0de2b597fe2eb7df2cd2e8260599a809659032a018bf7b9c4a9b51266c8d0a5e5ba1de328e3c2d2be19655a0405385a6d0147aab9c181ef00d66df06d92b4c2f195845d2db653738bca5b36b73cb2e2ec9d08449dbcc76fafd6ba359b0c12ae56fe534d60b503c521085e62d3e60b69127c9e61133bfad3a45be9446c9e1ce88480236c13663f33516c5c576eb4d8e75a6725655375390030d402719cb33f286d1d44a932b4a95925f6866a5f2a0ad44044492a3b7dcfa550fe1ff53637537c535fea2b879955a699c35f5de303aa10f5c34d1434a483d4f3ba5623f741ed5a3661cb5cda961fc6d83168a6d2d1b1b6b54b76dc8948013e18da20091df7a776390c3d8ddb77169a2746db3ed282db75ad3b6a14850e84797622b2962bad15a9354a9814662d05092006483b939dfee7cc46a4992644c2b51cf2c457b5562ec75169dc86372a1071cfa0f8c56a0900f673d9493b835c338dbeb8d399cb6beb0b8f0aeac6e52f5bbe851052b42b990b1f74835deb70d5bdf2548bab666e985a82976efb495b4b20c80a4910448e8454b7e94c6a27934a6914199db4d58fff00f2ad1f06f18c8e1b913a4d4215302c8601986ee73ccbe7c8448a3aa4ca0a1309cc47ab52627563833588b966e6cb22845e80c2812cadc4f32da50fd9525654920fa50f0f38978ce197157337f97b3c9bf697b88b7b76d78fb255c79d2ea9441888da9ee4738abbb44d937618ac7db21d2e96f1b8cb7b3e6572f2f32bc24279b6db79a8a5aca0ecb303deb9c572282b4d4d3aa5a8c89c0a59f4a80242b700ec40e5987d1dccdb2afe754e1d9f7f18d7ff00f2b5d1c9909c3ea8727f770caffad461f16da412949181d56b1e89c41ffad58f7884132498f7dabc5e547531580fc85e16ff008699ff0054ff007635c78f6b8fe827edf8c6c09f8b5d2eb57974ceae3fff0054047faf51effc53616dcb8bc769bd58c734a8b2ee290e36544c95478a143bec0c6f31eb98a5e54413f5a02ef3249fe744470570c20e2915ed9aa23dd0d3c755e47d54fa1f8c69775f14d8fc885b377a57561b451585316d8f6dae7418e50a5f8c5408de796267b77956fe2d717cbe5d0daa4003a780c88ff5eb1e0e8900c993b529ce1292411bef229f3382f861400344587f58bfb88818e38b81e49f4ff18d69ef8bab34ee8e1feaa5ef11c8c0fe6e526bf8ba4f3109e1bea631dcbd6c9ffa759278b3bc6fd3af6a373f3831b9ef43fc8ce164ef40fe7326fdcb861e35b89db4fa46aa3e2dded9438699f33fbf7b6a3fe95795f16d78b1e4e1a6588edcf92b51fd6b2675dda4f4e9454b8488efeb45fc8fe1701fe8e4ff00d49dfc4811e35b9bee3d23555fc5ae5440470cefbfe3e5edc7f2149abe2cb50904b7c3458ff7ccdb223f24d658e38444cc7a50a1d10483b9da3d697f24b86067e8d47edcefe2c27e5a5cc96d43d04698bf8b1d55328e1c5ba7fd3cea3fa229157c586b0e6fff002f31e9f756707f46eb345ba41249201f414d5c717cbcdb833d3d68c9e15e1aff00e325fed4efe2c08f19dd32ca1e823515fc596b54c04e81c4091fb59a3ff529257c59ebe4984e86c0227bab30e1fe48aca96f110649e69323bfb578bee2626411de28df92fc3836b5caf59bfc588878d6e8afd31e8235457c57710e094e90d36954743927cff24d66794d49a875bf1132da9f3f638dc73b77676f688b7c73cb75203655b92a00ee15fc291f11c5cfa03d4d18ad53ba883f5a974b436cb57686df452e52969d2549d6fa5c29bbcb237039444abe23afb84a3267add3e421c2dc13d677f4a229499de67e93344492a504fe7ef4752933bc93ea28452c22902caa2592a813bc7f5a54f2846c627a4f4a492a8500a04fd36da9520c83111eb5a030c3b98639ccdd969ec65c642fde45bda3082a5b8ade3d23d493000f5359362b8cda975fea16b11a2347bf9abf7a54d5b210b7df7129fc47911d001b9ebee69ffc4a2ee4e81b70c25cf07e79bf18a7781caae59f69fe959f700f8fff00ec26ad4ed8b471d6f3b64d58bd756cbe4b9612974387908894ab74a848911bd76ce13e18a5aab34dba2e476f35c84a1d861ba1193be793345b52d34b5a35ac3c68baaf88fae386d756f8fd65a0aeb4edddd101a72f39da428480542410a8077015356ce366aab8e0edeaad85b2328e8be72cb9028a3c40907cc9ebdf9607bd42af5ee92e2ce02e70a9c936157025bb7bbfd5b8dba0791690adb981ee099123bd6dade6f0edf13afb5ab8c3591bdb3c68fd0addd3055e1645cf092e5cf21f2cb694aca49ee41159eaa16a933e4aab284c8520a8ad04abbe1bbacf919c621a25d3a95de1a58f3e8c6399f55f19f566847ac58d45a0aef02ee458f99b56b265d614fb731ce94a9009132268d8ee306b4cae95bbd5163a02e6eb4eda3858b9cab21d72dd8580094ad694c276503bedb8a80f8bccd5de775a622fb2573717d72e592f99e7dd2b5a8f887a93f5e95adfc35ddb8cfc3982d38b6a354dd057298e60ab2b7907d47b1eb5b8a8a0b0c8e1d977df98249533a752f6d446efe1128c8a5ecbb608c79c416ade22e5b4c70db486ad6ad31d776b9cb70a5b654e216cbbe2ba8524750520b27799f3557f87fc56d79c59cf9c268fd1d6f99c92595dc2d961c23c36d31ccb5a94a094a448dc91d454bfc40d86370ff0fd8bc55b39caed967ae16d3012425ab77a1c4a41e9b385ed874045563e0e350e334d64388cfe47216b8e657a55e4072e5e4b616af9bb63ca24ee480761b983b512dd68b2d4d8ea6e926904c2952b40ef646080403b876c74874aa6a79882bd2e3fc1e12d69c6ed69c3bd4cbc2ea2d336961916c05b8c170a8292448521685a92a0403b8247e55ace80d53fe5fe886b515b5a8b665c7dcb45214be7f0de4a52ae5276ea95a543a6c4fa573feab17bf10dc60c660f46d822fae9e8b2b34b850d78d1ccb52c95101291b9dfa0131dabadadf48e2384dc35d3dc3cc5e418ccdce39e7f2197cb5aeec5c5eba1292964f5536da1094051ea64d517165b2d14364a79c69c49ab5b1d209c0e6e0938f3cbe391814fa5909a7ed74e93e7cfa7a66399f57f1f354691d4b92c3bd6d897deb37833e3b4d3812bee1401548041ae80d218bc839c30d39a9f3f91b24e4f50322facf13636ab4f8369ccb425c75d52a0a965248481d3a9ae2de2edd2aeb89da802952117cb481d7615dd370816fc3fe17311fd968dc5ede9cc852cff00f351b8c2d56eb770fd25448a74a66cdd2e40cfd572dd330ea8a7932e9bb409c903ed8cdf4edc6afd47c74c1f0fdbca61ed18ca32bbbfd28ed838a4b0ca1b71c7096fc4952921a50d8804c74a9ee256b6c1f0eac2e6f1cbb7af2d39f92d12a6834f5d18dbc92427d4ee4014cf47ac33f181c318106eed6eed77f45317098ff5857397c49ea2b8bfd78de314a26dec2d9b421be8029490a51fbc81f6a876ee1da6e20aab749ecc210a9457334862ad2a293ea5bcb2d0d954c89e996c19dc93e4df18ba68ed77c50e386ac56174261d2e5c72978b36eda0865a060b8ebce7950912254604c558b5f6338c9c29c72aff00297186cc58a002f5c62ee2def536f3b79c3642809fda829f7ad0fe1badadb457c31d9bb6280d64f56e5ae9cbeb946cb55a5a94b6d324feef3a96b29e84c54ade04dc36a6dc485a14928525424107a83ec448a6deef76bb45cd56ea7b7ca54a9658ba5d45b7cfc5fc612a8d3539d010e628faeb3f98c770e7436474e36f64739a92d2c556ed259f196f3eb0a4bc84a00f31f11b500009e9545e2f64f8c5c0f67107572b118ebcc8f88518f694c3f72c0484cf8c8413e193ce20133d76115d1fc3c76d787fa6f4bdeb2a0ac9e9d46631f884f3256bb74dc2d0e34f9077050976e1093eb5cc7f16ef97dad3eb5af9d6b5dc294b593cc4f92493dcd4ee1e9d67a9bbcab64ba597311314b5152920901894a4746003f8b882494d299899612e559f20cff8e90fb8797dc61e2968dccea4c0dc625eb4c55db766f5bbea61879d716853894b495c059e54ab699f406ac79dd479cb7f87cc46b2632771679c62f2eac724c3d6eda92a7917080072912886dd46dea0cfb487c212d3ff0093e6b548dc0d4f8f247d6d2e3fc28fc77b8b0c770373d62865c4bf799ab7bfe60a01b04a12db9b7595786d9ff8a6a6dc665b91c422cc2925a40992f49081905b5255c882096e8d049c8a74ce12b400ff0018a77c3a6aed4bc66e2b63f4ee5751b98cc3066e6fafae6d6d1a53a8618654eac2014c731090013b0e69deb5be25cb785ccdd69fbbbcc5a6d9976e2d43be1bae10949294bb2983d3729037e9589fc10edc50d42f76674be5551dc4b211ff004eb70d44817181c9b5ca54576aea07fc8354fc752a96db7ca7934b250840092404a58b92ee1b38eb116bd12e4a9212903f0221b46d9bb99f878b5d4b7d9fcabbaab32eddaad16c06116d66d5bab960a0a095a96aebb80074deb98f11c63e21e77398fc55a6797f337d70ddb340a1b092b5a82449e5e92aae9ae133cabbf85fd2e483fa8bdcc5bc8edfd8ae3fd735c63a1b376da7f5c60b2378a522dad3236d70eac02a2108752a518efb0ae83c376fa4a9b85d654da74284b50d034270e15818f011654f265aa62d2501801cba88e97f881d21aff8258bf9a4f13acf543b6f73f297ece32cdc685b39b890a7100389e60412237ed1d1bfc2f6b6d4bc52d439cc4646e7e6d163877f2c1e71a1ce3c128e64929036214624758f5aa57c4afc4263f8a59acad969f4bc304f645ebbf98b84f22ee25c529b84fec8133bef31d22ba27823a6747f07f846a3a6728353ea6d5b64dfe94cda1b28b7b6b5242cd9b0150a2ae7480e2d437288036aa4ba499343c2cb997ba4422a261211a501247f35c8182327cb079c7a6ca92992a5cf404eecdbf87b631cf88bd479cd1ce626f71398bdb245d171b75a6ddf24a4260a446db133befb51be1f747eace3662f5366b29c48bbd2d82c09b769e790c2ae9e79e7cafc36db6d2a40e8da8924800530f8b121587d3ca3306e1ede3fb89a5fe15705c43d49a1b5cda692cc698c26111798f7322f6a1714d953c12f860364255feeb223d2a65964cb3c189ab426526687016b4a5877db2483cb1978651cb42a902f48273bfb5a2ccde8ec8f0ff891a4b2977added6ba31acd5ab1956de43b6ae30d29c485175b2a50e5e55cca54636902454df1d352bbc2ac5e4e12157edddaec190bdd3ce95281511dc009263bed4ff87787ccbba0f883a6f56b8cde646cf356f72ebf6af25c65d6aead9c68ada5a76299611111047622ab9f1498ebfe23e15eca5959a8dcb579f38bb5649595028e55c77267cd1ee6b1350ba5acbe51515cb410820294901285a540286cc3eb387c3823c62be72652e6cb97380191b6c47f988a0f02785b7bf1077fa933baa3585ce0b018369a72f2edb6cdc5c38e3cb525a6596799299514ab7240481539aab85c9e1de731196c16a5cb67f4c3192b655ed96559f05c4361e4c950438a42d04483d089e87ad73de9bd6b9cd1178f2b157afd82d6021f6927cae72aa425683b183bc11b1ad474d7c49bef3bf2da871acdcdb287238f5b083bec6504f291ec22baddf2dd7e9152275b508994a00fcd32416e6ce37e8c7d9169552e7a1bb0960a47ac7506b2c7a70dabb3b62d2425ab6bfb86909036090e2827ed115168739d5f51bd2b7bab0eb5797a816e36f1c9c5d78aca3950be6ee076e9d3d66918e583b768af8eeae5944c5214082090c771e718d591da2b4ecf0a40dfa48f5a3a50858952803f4a221427a769de9371c9598d855594bf283a480226909e6327ec697e63cbd0fa6d4d52a501264fde29452e448500a8ebd66b43a5c40cab30c72f8cb4d48a5e0eead7e6997ecddbb5a14be51c8d2db063707981712adba413dab28d47f09b89c9dababd37a90e3ef0a8293639b68942bd426e5b0607fa681fe975ab1f1632198c13da732f812e9cadb5d3a96c32d29c2b4a9a505a0a003cc1490411e84fd6a16d3e22b12cdaa5396c75e58dd84c2db6d214991e9cc411f7aeb361977fb7514aadb19d495beb460f78121d8f50d919c662ce9e64d9290b941df711cfdaaf44e678799e5e232cc166f82038034fa1d69c6c83cab42d04850d8f7ec46c6bacb821737fa9782f679cbc5adf7ad328ee21c71c32a584b4875b33fe8aca4ffa23d6b13ccdbea0f88dd7acb1a4f4c5f65ee03418698b668bcb02492b591e546e7a9200f5aeb0b5d1b6fc1de1769fe1eb7776f7f95b7b97b299a7ed1616d26f5d4a51e025530af09b42525436249ad9f1c56a2a2c1253714a535458e919293cfab06f1f568b2a9226d395cc4b1fbfa472c7c5030a56a4c17942d7f26b2111323c427f28ad73e1bc93f0ef730608d56eef1b6f64cf4fcab28f880b5bcd65a8f18ac263721926edadd6dbaf5ad93aa4739593014130600ed5a7fc3cfcfe3f85d7fa5ef70798b6c9ab36320c87b1b709438d1b5e4510ae4805251bc91b11e86a356c998780e5496ef80091cc0d64bb6fb67ca1801145a7c0fbe203e24d257c3a20833f3ccf4fa2aa83f0bdc2cc1713b2dad2df50b2fdc231da62eefecbc278b5e0dc8719436e6df8827c42794ec637ad1b8e589c9ea7d268c461f1191cd5fadf6df5338fb376e0a1b4f30e657224c0980269b7c27e90d57a1357ea1198d17a96d6df31a7aef18cbe70b76a48796a696da550dec096e27a0913145e159f3a9383a7992ad331d653d76191e861f6f2a14c48f18e6dc9e3b2da17563f68b5298c8e39f090eb4482149dd2e27dba11f6aed1d13a9d1aeb44e2750b61b69573ccc5db2d9d99b96e0389f500852169f65c76aca38fdc2dcfeb3d496cfe9bd279acc5fdbb26deff00f47631f78344196d2a52124054736d3302ac5f0d9a17887a56cf3da7b33c39d5ec5ae4d6c5c593e30973c8d5cb64a4f379364adb5a84f405299daa4711895c57c312ae04015081a9b0fd1400dd8fd61ec874f47cf2984c6ef0fc7db1cddc4b529fe216a274a4851c8bc3fd63bff0aefcd4696d188d12cb67990d694c2a011d3ff336cff5ae58e2f701f52e4b575ee474d61ee331f32e175db2b5473dc34e8d9c1e1fe254913e5048dc454d691e26f11edad71da6f29a073798c8e3ed9bb1b44a31efb570196f66db5a7c33cdca0c0544c00378a1710531e2ae1ea3fa2d495196ce9d4011dd623246c7afb23d382aaa907621f6fb234bc515b3f163c122da4a9d39208527fbaa5f293f9135cf5f13fa71ec77119776a4116d78ca148709d8940e450fb40fcc57567083863aa347eb9b7e2df13ec51a76ff0016c2c69bd2af1ff3b75e5a5494bae22799b6dbe7528958054a03600555388bc3fc7f11b0ebb2be2a6df49e7b7b940f332bee63b83dc77f68acdd05f69f85ee141266ac284b96a44c29c81ad45586df4e1dbc5a05dafcc44a4ccdf2fe00b4467c37eabb7cff00046df081c0721a7b24f95333ff00a35c842d0bfa0750e24ffa49f5abd3a791241300f4ae71c5f00b8aba13386fb48d83fa81b020bd82fd7ad68304a5c63fb403a482923d09eb5a4d8af8df98b436f6dc21d40e5e81cbe39c55d2520fa94a9207f1a671370c7d2f7055ced33e5ae5cdc9ef81a4f3773b73ebe100ada5993d7da49c831a0dbb85f5deb6ca16e9b46db76e1494929652b514a3995d073149001eb15817c57a4aac34f1807cefc89f64574969bd2b9ce1e704b1f6ba9edee2cf576aac9bf98cadb5db7e1bcd32c1f97b56d49ec36756074f30ac7b8b7c16e20f1758c6bba77485c5de36d4ba3e71ebbb6692e28900f2a54e830397a91bcf4aade18a5936be27940cd1a653ea512025f490589670e587ac0a969d522b108dd839f071fe5121f07eead7c05d79cca3cc351e30ff00f0d743fa5477c479278677006e0ddb2093b773ff00655afe1ff843c4ce1be98d45a6b2ba38a2cf2f7967769ba4656c6187190ea4f382fcf294ba771b829e86697d6fa5adf5869dbec3dd2b910f084ad3b96d6932957bc1fcc549bfd653d2f1822e5a82a56a429d241c067dba7482d7afb2aa44c50c0f8c64df048fa13acf5c2dc212eaf49dea1b02373e2300c7fc593f6adc320ea19b4ba53901b4b4b52a7b0824ff000ae7ad31f0edc5dd23a80657466393987d21484bb89b865d5292b494ad0b654a0b008241053f43deb5cb2e0a71d35c5a7c8eabc6e3387183790517794cd3a8b73c9fb5cadf3a9c59227ca84efd2456878bed94f7db84bb9d3564aec58024ac386f0dce396ef88935b4f32a949992b29eb0eb82485afe14ed5d701091a9f268649ee93696c4ff00115c61a26d1bbbe2069f65f650f30bc9db21c6dc00a5492f2410477044ed5f41b55dbe3b05a4309a1340db2aff001987656c5bbf78f22d8dfde3c7f5d76e296795b4a884c027ca94815cdb8af833e2562333659145c6924bb6afb77090bd4b67f892a0a1d17ea2aef85ef96ff9edceae64e4cb4cd234ea5004b039677e6226524c499b35492e303da06613f8dae1ab785e296a0d418cb466dac6eb29716ef5bdb32969a61c42d49414a5200485253d87507d6bdf093ab5cbb394d1974f8054cb991c6255b9f15025e693fe9b60ac0f56bfbc6b77e39e8dcd7129bcae35bb7c33393d40f2eeca579b6176d64a2e173cefa7ca48208007ef0ac9787ff09baff40eb4c36a4b2d43a1d1758cba6ee5287750b652be53e642b95276502527d89a8f6dbbd1de386a75aaf13d09989d4949528396ca4efc8e1f9810d42c55495ca9c7991f0889f8ac6cab03808ed78ef7ff0073156ff8343ffdcf71511cdd3218556c77eb762a778c3f0f7a838a2ed8d9da6a1d1389b4b3fd7a93719d5383c458fc09525af3040104f726a1f427c33f10f876ce46db0dc4fd03696d914b69bcb75e41d750f786a2a448f973ba493046fb9f5a83473e857c1c6cf36aa5a2717c1506faef921f7102909d345d8921f3cfabc68275137a770d9b71ef9766daeeddb45d5c3a37436d3be224833b1e69f5fc4477a60f25ac25be877b50df2ecae357626eafecade025b616a742ac50e1f57194ae4ed0a711553d47f0d1ad756969acd715b43bf6c970136b6d757084c1304c7cb8048049f31fcaaebf111a06cb8e5ae19c6e3b5063f4ee0b14bf97b4c85eb6e38d26d6dedc32d04a5b0544ac201007ad62a9ad968a4ec64d655a261985414a49712d212599c6e5441db9308ad452cb969027a812703381b9fc79c47e770fa735720a353e9bc76796a4727cdba836f7a9f421f68a5663fbfcc3dab9238c5a0f1ba235ab98fc33afaf1ce36879945d2d2b79a0a994294909077060c0911b5746b1c11e25e3196ad309c4ad1d96b340e542eeaecdbb8803a6d70d24fda4d1f09f0838d5e6bf4ef1378a38abc05416f63f4b872faf2e00ff006b0ea92869bdb69931d856e3866bd3c3b35732b2ea8994e0164051512797748eef90313e8bb7904f6b38140db3f79f8c4ef0bf0ae587c33f0fafdf6f92e6eaff002c9689eaab643adf2fd8385e8fa9a94428180a153bad7535aea1b9b2b6c6635bc269fc5daa2c3178c694549b5b744c02afda52892a528f52a355d0a206c37f4fe95c27882b9173b8cfab96182d448f698ced64e44da952e5edefc42a442a7edf4a494b1cc664d0994ba47e120ef3b9af411b05015965247388cefb44da412927a477a12600f7d8ed45424f283da955105208903b48abc70d1e503987789ccdee02f517d8ebb76c6f1b4a928b8615c8b40527955caa1b89048dbd6a4c71073a544bd9017d076f9f61aba33ffb54a8d649c65c864703a49597c6656eec1fb771b6fc36549e4702d50798149323b41155bf869beca716388ed63751ea2cab182b5b0bac9df1b15212f2db61b2b084a8a480547953307635bcb5f0d55d7db5775935094210eff59c364ec3a7431694d2aa1491d92d83f5223a1ef789fa96eec9762acdbec59383cd6d6a536ed2bd8a5b0907ef5582ef301277ec41a84e27b25ec1e66ef11737d8636ccbafdaa2dee012981212b514f9c000fa6fbd2bc3f6acacb81785d4d94bcc964f399955ddc3b7375740b168c5bbca6c210d01ba941254544fa015449b62eaa81571ed9f4a825b2e49db936440ca674f4a96a5be9eaff679c5bed35f6a3c75b356967a832b6b6ed8e5432c5e3a84247b242a00a33dc44d50fb6a43ba9330a6d40a54872f9e2140ed1055bd72435ad356f1af8878bd3782bb5e3ce5ef5bb0b1b74be59402b584a54e286e7ac93db7815b1eabf8785e95c7b834bf17b239acf5bfe265cb076decde503ba5b78baa3eb054883ea3ad6aea783be8e97285ceb512664cd92428fa9181eef1893f36a94a352e6b7b7fc7dd17ec4e73218371c38fbdbab153a005aad5e5b4481d8f2912269ebbae350abffd7b2aaf737ce99ff5aaa3a2716e64b831a52eef8dca2fae1dc8d95fbde3292fa9e6ae8ee553295043881b74005728e735b6a3c6676f6cbf4fe539197dd6d24dd2e404a88f5dfa502d3c193eeb5953452e780a9258e0b11d4406552cf2a54a4ad9bcf9e63b46cb3991b12e7cadf5e5bf8aae65865f5a39d5eaa8224fbd28ad519759956532107d6e9c3ff4ab3af8a3c1d9e82d0183634faf21697d8bb4b1f9cca0c8bea7af9c7984baeadc495148014b1ca12040115cc1a9b31ae34766dec5662fb2f8fbd652dad6cbd74be6095a12e215b2a08525495023a8356366e015dea52a753d5a4329496292fdd67e7e23d624cbb74f5ba533362dcf78ed71e2295e24acaf9b9b984c83eb3d667bd4e31afb5359b41a6b50e65a67a04a6f9e03e91cd58c67b556035ef022db23a7ed5ec45de1f12db172a45f3c5ff9e4005e756ae795073720111ca600053572d3efe1787df0d5a473778c9b9c9e5ad1eccdfe5ae1e71cb83170eb2d5bb72ae54a6103602493359ba9e199d4b4f3267687b44ccecb4696249c82efb11f8e70014b3258594af29f3cedf189cb8bc7ee9e53d70f2dd5accadc5a892af724d3355fdb151426e1a264ede2267f29ae5a4ea4d69c7dd798bd3388f154fe52e516b678c61de46b99476e63dc0024a95d0026ba3725f0abc29d296cbc55c667526a4cdb43c3bacae3ae19b4b30e8fc4196d4d2d4b483b4a94262adebb83696cb265aef359d9cc5e425292b6f3c8fc6cf0536e5251ae74c689d4bfe1ba8525650e7e24949850f7069f5d6a5ca3cd069592bd71bfdc55c2c8fca6a85c11e1e39a3f8a1aab16f5cbb98c5de697bc7317797888710b656cbc51cb24256128503ca608323a902deb68267dab2178b7cab64e4269e776a85a4282806777c3783318ae9d2d7200d0b707a479776edc6ee2cb846c39944c09a4cf2f2ee94927da8a76518d81e827ad623c77e2c5ee12e1582c2ba6ddf091f3574d9f3a64486d3fbbb1049f781de9f64b3d55fab53474bb9c9276006e4fe3780c89532a57a13bc6c5799cc5e357cb757b676caebcaebc841fc89a1467b1974d179abfb55b6372a4be8501fc6b36e01fc3460f55680ff640e23e4b22de2efdf718c4e2b18a422ef20a6cc38f29e5a541b692af2cf292a331d376bc5ae04e0b158d39ad089c95b3b67fac5e3721708b92a48df9d0e25083298fc24191d0ed15b79dc3362a7ad16d9b70226bb13a3bafd1df1ee8b3996f44a642e6e635f279552a49041313d8d7be6144106499d8f5a9ed71736d97d40ee5ecc2459e5d9b7ca32122072dc32874c0faad43ed55f093244f5ae633d0644c54a56e9247a4534d4aa52d52df62d00a766480247ad1d0e29463611e9b5114dc2398806551d771f6af3293bf37b5462a61020ef9832972a998dfd6839890773276d8d79439d3e6eded42404a2476ec287ae09984d4e29207527de944bc60c193f5a4f9c110a889af2540cf7220521518404f5822de32363ebd69b38bdb9a7aed0297510779da2626925849441e6dcf514f0a680a9cc20a79493d4cfa0349875448054491da8eef28239778fe1453b081b75d8fa578a8b4072fbc18ac279428fd4114283dfb83f9d01209027f2a55b04c761d2a24c2c1e0e90e60265cf377f6a2c736e52547e94aa923981fe068a624c9dcd41d4790892d13ada4c264f5a51654074da3b57827960f488eb4300f5da7d2af98344850671199fc40ab9786cfee073dd30208f73fe150ff00064dc6b0d5ef4406b495f6febccb6513feb5497c44f30e1f0e54c8f9e64189e90afeb4d3e0d2f2dd8bee2136b210fbba6169641d898bbb72b03fe2eff6aef960ee7045591d57ee488b9a4c4af5f74693a918f98c1655b3b955aba9fcd06a1f4358ab3ff0bda5ed02f916b5e66c92b9fc24b8850fe2e54fe5de6edb1d78f3a421b6d9716a24ed01249aaef0eaf5783f84bc4e5de4381ab7cfe49d096c02b5b094d99779676980b03deb036644c99669e997f5bb594cfb3f78445a60552a601e1ef11c90b5e5743ea34187b1b96b17838857e171a712a94ad27bee01046d5a3e9cf894cf59b81194698cb340eea23c274fb952447e62ba6b356ba7b38cbd6ced863b53601f95da2efadc3854cab742d0e085b6a2989e450de41e95cf9c76e0ee96d3981467f4db57b8d5a5f4b7718f7ee43ed428c24b4b202c107aa5455b1d8ed15d6a93896c7c54b45baf34da673e90e1c6ad98287792e7fce2c44ea7a96973877beff08d9742f14ec35f6966ad31c84b0dda5db976f30a40f190ebc9425454a1b10434983ec6b8ef59a94758e650b20725d5c40883fda28eff009d6e3f04f8b772bac75734e20aac19d317d7370543649429a2d1faf89ca07d48ee6b11d68d72eb6ce0db9be76e06e63f6d556bc39669363bfd6d348512928410f9232433f872f0682c890644d565c118f6623acfe30015e937893d6db12a04ff00c0d9a2fc59f0b46bd76c72160c839bb6c262cb5b6f708f9060f87f5ee0faedde96f8b8015a212b2099c7e18c8e93f26c5693aeff00597d865ede6c0e2551ff00b8315c9d573a8b3dba4d65296522a26f91c25c1f0311a6cc5c94cc5a0e42fe31f3cf05aab27a56df2362c10862fd85d9ddb2e236583fc42924483db71d0915d23c61bd5a7e107849e19212e5829a58f617d767f9c5563e213860db0d2f54e2da080a5a7e7da40d813d1d1e9bc057b906b4ac8e965eb8f84ae1ee31a1fe7431576bb71eae37907ca53f7dc7deba6d7f105bee343437840013db235f50402efe5b83d1a2719f2e6caed59b67f5119efc0bdd0b2e345fe5c906f31da7b2b756ea220a5df97f0d2a1ee0384d6e9789b875b53768a61170484a1576565b1fe97202ae9e82b937801ae58e1771771d7d964b8ce295e3e3b22923f58db0fb6a6564ff00a1cc151fdcaeb67014b91ce974050fd6364290bfef248ea0f507d0d617e53e44d45d645514bcb290dd304923ed1106ea4f73a67ee8c1f13f1499fc66a04a6d3058ef9f01db340515ae7c44a995813dc85113ef5d1baaf4a3da29e6b1990c9d9e4734d26320dd832e219b57bbb214b27c429e854204cd7075abde1ebd2e850546479a7e8f57d07e2e9e6e266a8f4391795f9aa69bc7f6aa0b553d20a39211adc9dfc36727ac0aba4cb9523ba338f63efee8a5edd0804fa7b57137102e9dbad779c71d92a37ae83bfa2c81fc8576f2920ab6113bed5c9df107a31fc06b27b281b5271f92578cdad0360e47eb107d0cf9be8693e4b6ae449ba4d9330b2969eefb0b91e99f6406d2a4a67149e623b25eba6d5c3be185b5b0422cedf47e37c24a3a732d2a5b87ea56553ef5123941e68927b46c6b2ce04716ecb3fa1f0fa62fee8232f87f12d6d43aad9fb62b2e212927f690a5b8397f74a63a1ad45e7916cc38ebca432d2375ad661291dc927a560789edf5341789f2a724b95123c412e0888f5e0fce14f0e6e5fb738cc2d8dbb2a6918db045920a97cc5694296527a0880a098f448a669015247b1903ad2d8cb47b25a271daa54b426c3317772de35b09216e5b3052d97d527a29de70911d1334446e91b6c3a1aa1ac44e953949a9faef9eafb97f1ebe3106725617f9cdf101e5d884f5a0911012047a1a12ae55113d04504c6d1f90a8260509a953dbed5ee804081eb146708ea3a5176206dbfa535b109ce11008209893452798c759eb14bad4011209da8a9042a41040da00a6984d3ca130398a76f29de9bad0676e876d8f4a7b1e6e631fe34d9e241dc813b47a539244354310d485b89ea7da0d11c4284f723d69747984c81ef3bd039e6893bd389cc034b8784d2d93de4fad2c8829027ea2689cb09df62606dde944a8804444835117983a711e4247490379eb425254652be51ec01a281e6898da80983bee6a1911206d162684a46d3b6e68ca44a86e7d28a8323711e84518024c8022aecc495e0b4426b0d2d6facb4f5d62aee52d3c014ad3d5b50329501ec7b7d6b27d3bf0dfc53c264537da39cb2c93c84a9217619261a77954085256d3ca4a88209046e3deb735ae02bd7626907eedab76f9df521081b02ea8246fdb7ad85878a2bacb2d74d252264b5ee95070fb7dbce24499fd93a541c457d8e0071775830d5b6bac960b87ba715e5bbb97aed972e1c44ee12c34b5adc57f77ca0f7356ce275a626ef4133a27485b38c69fc4e31eb1b03704076e9e7254e5c3bd82dc5ee7d0003b545af3d8f410157b68d189dde40dbd7ad382f87005732540ee08e847ad7abefd57384b4224a64cb4ab504a52c0a8733ccfac1265524234494e9077ea7dd199e17809c56d1245960353e93ccb60732ac939942509546e078e96c4efbf2aa2694cf7c31718b8849686a6cae96d3f8c6d41c1f319db60d03fbdc8ca9c5a88fa13e9575b9d5989b5716cbf96b069c6c94adb72e501493e8413b1a411adf009e99cc683ff000a6c1fe75a147165cbb6f9e0a09666ff003c4b2fe6fd7c6089aa9615da7659ebf81165d35a434df02787d95d37a36ecea6d419808396cfdcb66d9a79083cc8b560281521ae7f329677540da200c46ffe0eb3d98cadd641fd73a29a72e1e5bcb4a6f6e95ca5449207f9bfbc569b91d5987c65d1b7bdcad9dabe00516deb84a5507a182660d2571aef4fda36cadeced8349753ced955c27ce998e61bee2411f6a8543c51c414b5136b654bd53273392927036039379428af98565453e037da17e25f0bf3fc43d3589c25ceaed1b6cf356b6ccdcde22e6f54850b66db69b81f2d214b090a2370394efbd59efb1f7b6b86c3272b9dc3e6f256d66c63d6bc397f94a18692da16bf15b4429494804267f0cf7aa30e25e97548ff0028b1a23a7f9c269fe2b5661f38e7876196b3bd73af86cbe952bf299aa7afacb9d4519a69f4da65ea2b7d0a1de3b973eeda0336a553105250c097e7bc06aad1b75aeb0cf6099cae3f0ac5e214dbd7b916de712846c6129692a2492009222a674d68d5687e1de2f0173abb13a87f4529d4d9b7616574d39e1bae1717cca752130951311b9e6f6af2563a8005028f41d531226a91177a845bd56c61d9956a38cbf57f2c79405351a65194c18f9c52b547037486bbbe55ce4917788be5aa557f8ce42a51f55b4b84afa750527dcd38c4fc3c378dc6398fc7f1b6f2c6c54205bb9a79e05b12640e5754075fd9356d0e6dd77fa54666b536334d5b1b8cadf3362c2b60b75513f41d49f6157b41c4f7a1291412cf6a91f552a485b746704f97482caac5a40964050e4f14867e0c74b32f870f16415ccca34cdc48f7fed6b64d5de13d7eddc8cd8d437b70d85de5ea6c1564953dd0f2b6a5a8ee00333d49ac8ffd9f74725ee51907d4263985a2f97f9558f4cebac36b7bd7ad70976abe758b755e3c9436a1e1349525254a903bad23ef56b7ea8e26ba4949bad3ab4a1c83a19bae40dbce09513e6cf46954b6f5f8c4d8851db627f8531cc60b1da8acd56793b2632166add4c3e9949f7da083ee08227ad481519ea01ebbd14ae124c481d4d73e9732648589b2894a8641058831500e92e394662e7c2768dcbbc5ec7eaec9e98739b992c5d58fcfb20ff75c6d6858fba49f7353a3e15b0f758ff072fc6cbebc6827c96f6b82b87533da7c5792226ae215cb47e7023713e95ba1c777dd294ae68514ec4a5248f6b45a8b8ac81ad209ea5fe3137a99fc6b367a7f078475c770980c4db632d16f37e1a96529e675c29ec56ea96afcaa076e5ea01fe545528056cb07e95e0444cc93d0561e7ce5d4cd54e985d4a2e7ccc56ce9a672cad5b98f4242fdbd681255ce7a40ef4524031cde69f4a00617f8a075a0110078304247376341c9de088ef5ee62677144e69da7dfad31a1711e5ac8f491bd0201e604ef35e0a2a1bc0f79a041095107afad21e90820563711fca9bbc36079413ee6947491240334829c820449dc4d3d09c40d679424a804820483db6da80a0413b4cfe55e276927b5114e2415240e80529076800239c2924a64c4f7dabc95a02ba41ef4978c4891b4c4d0f3a4ee23a75a8cb1868302217e64f581b9de680391239475fa5142e2240f6f4a2cc7bfe7508e2248313c832a3e5d844d2a4907a0349367a6fd2942a24020fe46aec8832b72605c52b949276359871daf09d26d62d9685c5f652ed9b7b644731e6e60647bf41b7ef569ea014800f503af6acb2eb891a5f4e7c45692bbd56875ed39a71f45dbedb0d78ab53c905c4a4264482b0c833d0035b4e0ea3554dd90b4a4abb2056c39e9c81ed5308954b2fb49e90768e7679ac9688d61716592b56d192c45e29a7ed1f405243acb9e66d408823992411dc57776b1c88cd6a17f2cd0426db2886f236de1a0213e0bcda5c6f940da025413b7eed717f1b33967a9f89191cfd85d26e9acb2cdf3ae414a83ab92e0503041e693bfad747f0773ae6abe0a606e5c73c57f0770e611e528c90dff006d6ff6e45b891fef75d5f8fe99570b3535cb414a92da86cda865c7810d1695a8ed246a486e7f77df19bf17341dc6bee2ae8cc062d36f6b92cdff009936eba39105c539082b204f5313fe158de9ece64b871adec320ab56064f0b7cd5c0b6bd642d05c6d60f2ad07f1264411e95d40d948f89be0d28833fa5edc4ff00ef09aaa71ff85475134f67316d9fd2b6bcde33281bdcb693fc5491d3d46dd8548e1ee2293414941415dfc9ce42839e442d403f8118f0c7278f534e4cb932c2f9b87f4686bc74d5567c4ed3f82d50d90b564326e9794a400b6d6b12e36a20754903da208eb57ff8f5bc5dd0b9b7296d16d89c9378fb065b40426dd8421494b69006c369fa99ae42c2656f1291626e542d0be878db9512852c480a8e93ca489f4aeb8f8e7209d407ff00df1247e4aa2575bbe84b95aa8e52c9476ab23c94416f639107521524a520b82a1f7c65bf079a374deabd55aa6f35361d9d416d86c13b7ec63ee9c5861c7cbccb482e04104a53e2a9513b98a69f105c37b2d2cf35a934cd88c4d829c08b8b3b7756b430b3f856d95a8a9293d20a8c188eb1561f8275f365388a8fff008bb87db6bcb5abc717ad1179c34d4a870484da29c123a2924281fe02a25fefb596ce2e93292b3d92b424a7910a2c71d79c36aa7aa54f9691b1dfd5a2aff0f1c44bed718fbec4dfbaab9c963adfe650e2bf1bb6e084ae7d54894927ba4c9fc26b59f3288ebd37ae5cf84952d7f10fa22d1079917d90162e200eadbc8534b07ecb3f9575194f80a0852bcc9f293ea45607e512cb4f6bba85d2a4253346a61b02ec5bcf78adb8d3a64ac29180619e772cce9fc35e642e8916f6ad29e73d600e9f526b922d5ccff1c38978bc634a17196ccde37636ac12436da9c584a123f7522649fa9ae90e35a16be1867cb73b329263f743899fe158cfc1fe56df15f137c3ab8b8e508fd32d360ac6c16a0a420ffca526b5df2714b2a45b2b2ea9483352e0780090ac79939f28976b949214b3bbb475939a27875c2ab5734ae9dd1f81cf9b5fd45f67f5058a6f6e2f9f4ece2d1ce795a6b981e54a403024993543e1be84b0d27c76c65de32dd16384d456d79867ecd0a516d879eb75f85c9cc49092e25b80498303d2ad1700971c4af67798a55b6f33bff19a0b3b9558642d2f1a4214fda5c3772d73a79825c42c29260f58201fb572f93c4d70ede62aa26a9689808524970410d807008e5f0882aae98676a57d57dbc211f31dcf5227e955cd04fdce7b8ef9bc15ee42e0e22cb4f5d655ab4679132f36c8524157293cbcc6489edd68f9cd1bc48d659e79fd1f90c3e3f1ac348f995e5afaded505d5a9640478bbab61b81d36acdf0fa438b365f1017984c565f02deadb9c23de3de22fd872cd3625925d497824a01e407b48ad3f0dd8254f953a74c9d28ea94a604e5270c486c3751b41a8a8ca8f6840292311b42e4acf985155294f5fb513877c2dd6588b9cfde6b9d4b81ca5adbe21e76c59c3e55878fcd875909e74252091c8a7223d2aaf91e1a712f52e4b2790c26adc0e0b0cab82d5bb196c821a75412da0a9494786b3cb24ee7bcd6505813f3b34a6ae50013ab56a3a776676dfd9110d0ccd5a0919cef0bf06985e72ff008bce64af2f2f55805d9b78e69c7cf86d076e4a164a63cde51027a5590239b6991ef58df0cb41713f27ab38998ac26b3c2e33e4956e73d917eea2d6ebf5d0d142832a27f586442535b1e8ed0b96d27a573ef6a8d518bd4b9755dd926c578cbc53a843252ff8c0a0a11bf306b783d46f5a8e2cb24892af9c4aa896e112fb80f78f74390180cfd67e9126ae8d8254960c33e3bc1541493d2820c9db78ee6856b1313fc28398157f74f7ae585e285841528ea09dbb579723a6e00ed425533b9827b514404889f4314d2fce171ca0824abcaa81463bedd08a2ccec0104f6a05107cc09f53e94d2ef08368f286f076304536781090ae823ad2fcdcca33bfa19a49f309107afbd392a23103500442047302264fd6925050827dfef4a8929e5241113b7ad10a801cbb193b814e24c0984140903b7d051c276992363d4502492209a1494931d49de48a8cb76822408301ce09933ec6802551b2bf3eb4549970c1290771b52bd8798fe550c88909cc4e364100133d28ca2012098de81b6fca49dfeb4aa100a772276abdc341d40930d2f2ed16366f5cbc4219650a7164ec00024d43fc3ce1f1af70df5c6bccce1b1b97c967b2ede2f1ff00a4ecdbb94328402fdc292971244c2da44c4d4c64f496375a5b7e8dcce5b258ac53883e37e8965a71e748239524b84009eb3ebb54ce234de97d13a1d5a7f0f9bd4b90b766e17756ac64d8b5434d38e7287552d92a3cc109dba489ee6b676eaea5a0b45409739aa2614866208482e72cce4f8f28b2a66932d530283b63f1f8cc734fc4070c31f8d606a3c2d8b58db62a08bab2b790ca49e8e21249e404ec5236dc4474a90f84dd48977379dd2efa9084e57185eb500473dd5b12ea07b95365f4cfb8ad9729a2701ae985d8ea5c866ad7151cde1614b016e392239cba0f9409d8778f4a6b84e02f09b4ee52d3258ec96beb6bfb4752f32fb57362852160c823f546b7b43c554357605db6f13c998a0402c4903f45cb6483f6344ca79e17274ce507fba2054b8f890e0d925213fa62d8cabd3e65beff007abc642137f7015d7c55199e9e6345ca70fb87997d4d6f9abbbdd6e9bdc7badaf1ebb5bdb268b1cbcaa0afec0f9bc4055236e83b53bcfbb8fbac9b8ee345e7cb2a095641c6d6f296479d4a2da529dd52600115ceaef554b3a828e44899a952d2a0ac11ba8a8338ceed15d51a453a10140904c72e71b3405a699d416d9ab1406ad2fdc578ac276e474799447b28198ec66b68f8e65a3933ab981fa61a5a7de504ff005a9ebce1fe8cd60f156afb7cf6452d47cab18bc9376ad3720f39214d2f989db79e82a5755e8ce1eeb65da319ab3d5b7f616cd2425b733edf8aa713e54ad6bf97f342004811da66b5b23896926a2d932b2712ba7512aee925b907e64000189b26724cb97da2c3823af278c03e0d32f678cd4fac98b9b84b2edfe99b96add2ea802e2c3ec39ca37dd5ca8518ef06a67e203887658dd317181b6b869fc95f90871b6d60f84d82092a8f58803aee4d692df037826cc14e96d50aff004b52a7fa5b53db0e13f0630ef8b86b8797b927927982331a85e7599f743686cabe9356371bf70d57dea5de26cc59d0032346e53b65f6f06f6c499aba69b35335530777967e1197fc0bf0d2e5bd577dc51ca36a6301a4d971cb6b85a61375935b650c3083fb45257e22a260244f5ad6ff006e0ab9883f9fbd587516b3bbd47656760862d31586b1494d9e2316c26ded2d877e56d3b49eea324fad57cc1527d3d2b9ff0014f112b88ebbe7253a520324741f1315b5f549a85008d87da4c34cae359cb63ee6c6e501cb7ba694cb888ea9220d71aea7d2997e186a94a57e232b65c0f59df35290be520a5683fbc0c18ea08aed75241093bc7a526e5ada5e36e317b636b91b458872daf584bad2c7ba4f7f71047622a67097162f86e72d2b46b92bfac39e398f1f0e702a4aa34ea63f54ef140d35c7ac16b84aae72170ce1f2ae1e7b861f5f2b6b70fe35b6ae9caa549e5ea263de9f5ceb7b4cfe6f17a634d5f3191d479abb6b1f689b73ce9696eac2038a23684ccc4ef152c8e0cf096e9ef1321a3b20d126793159d7586ffe4b88723ec6ad9a1f0dc37e176a7c7ea2d2ba21eb4cc5825d36d777d9a7ae9685ada5b617cbca9448e791e5ea06f53e7cce12edd55924cce644b20697e40977d2fcba7389264d1aa6768a998e99f842bacf1f8dc4eaac95961de5dc636d1e55bb170e2f994e84794ac9fef1055f7aad70e344e6071ab25ac94dd93380182bdc629f7f236ed3aa71768b4a4a5a52c2d439881b0ea69e73a96bf531d4f7a0fc27f84d6368ee9328173572d20f689524bf456eccd9e9ee8af9550254d3342705f10a17088333f5ed42a7140f480449f6a4c193d489da8fd1247db6aa42a0f114130970af48dfe98678a79bc8bf8b6adb52b56ff276e9c8b6aba96aed2a85323cc252091f4a3ac9323b50890a1cb07bc511415d0f6ff1ab6b85c665ca6266cd001094a70fb2400399cb41e7cf33825c330684e7cdbefda0d08449dbb8ee6816370448932684261524c4d551544310050208ebf5a4e62489814aa93caada3ebe940a8e61310693508f110914f3249fc3df63d6bc527d4c0fe14a10130398f4a22baf5da86559856682a81881b772291751cde634b9e593b447da9252fca3cb227afa5792a86a98c37290b20151009e8691712011b8007634bb8bf2efb522b5a5c2a31f5a23b400810925b0a3bedbed0695e4e7f36d1313342854244aba89114a044a4fa7581eb51a629a0884884d49333b4f7f5a710881209546fbd123a8981d877a3030900fa77a82a51112d01a2750a2378068d306607d0f6a06fc91de8ca320023af48357a19a0ab30ab661224802266927f90abf1020f6f4a3010d833b47414939cab2520007d3a523086a8e1a11e72146244ed5e52893b1dfbd28a6c94c8dc9da0515c68a20a81dc7ac6d5ec030220c02d641efb8f5a46415edd4efb52ca49da12608d8d24011040ea6981a06a77811cf33d40f4a3f711bfb5269e7e631dfa814a494a479b61b6f433bc38418ee900a448334591d3edef429f527e9ef40b090a33d7b50c1cc3cf58f48882494fa01464a8ceca2907b0a2ec6378dfbd0ca924edb74a5784832881100f4f5a327ca36e9befda7eb45da4123e9028a54a4ca60edd6bc215db30652b7da246d48ac809124cd1d5ea3afa510c180475ed4a3c618a2f1edf6e8083d68eea101640ee3a1a2f214a4ed20d1c005201079853f50304482525c41201e9ef5e29244f6eb5e524ec01ebb52e6d95e1789c8b092639e0f2fe74352c259e11292a1810d41e550d8f5a054a89277ee37a5949dc2479a920da950900c9300014f0400e606a49da0ab3ba7798141b46fdcf4a52e2d5c65612eb4e3248e8e24a7f9d0b2c3970f069a694f2cf44212547f875a67689d3a9f1d61742b5696cc24543d4c9fe34520923bf69f6a55fb67addc5b6eb6b6dc4ec52a4c293f634994984ed09ec29410a00a4c2149058c14ca40dbff000a2f7048edd28e7ca4089a2ab9b993093131b8a69684682ca77df7f4a4dd0637de7af6a59a49511b1dbad2b90c6dd5a5adb5cbac38d3171cc5952c4070030489ea276a189894a82490e7687766a524a80c088a70279c779ed349384106000475dba6f53ba7b4adf6aabf5dad8a10b79b65c7d5e22f9072a049dfd6a256d6c613048d853d3512d4b32810549671d1ddbd58c0952262502694b24bb1eaccfef10984f2a663791dba528dec012081444c7213d229512a47498a14d31e4426a32a3111474a52a009307da814956c4c0d86f1d68db8fd99f79a82545e24a71138c9e6320998da9c7eccf4f534d18050a255b9f6a70169e7dcec7b55f110451cc5db85f8ec46673a31d95b74be9b86cf80e15a93cae0131b113227f214f2e3877f3770e5a05db589c6a07cfdf28ad414ead7e440489984f28d87733556d2393b7c5ea3c75d5d3aa6d861f4bab213cc606fb01579b4e2262d195d54d1bcb9b4b4ca381e62f6ddb3e232a1ea999f6dab9bde1375a7af5cea12a2928496c900ead258643e824e962e402c488df5ad56e9f4489559a410a50e4091a5c39ddb5001df6243810cb0dc2c7ec738a5665cb76eced6f1ab750702942e94a884a0083b850dfb7daa4750e935dce33258ec6dad921856785bb402087904a600e6e9cb1bfe74db1fae702c5a271d71717ca66d720ddedbdd96b9d6f100730582ada4cc6e60453a7789f87b755d3d6e5f79d56613914214d72828e500a499d8c4ff000aa09cbbfcda913548528a5986921382082dd4e49738db945dca45965d399495a402efde7565dc790e4c33bc16e78798cff266dec13776bf3e32a2c97914b0a027949f0cef24736d3f4f4aab5ef0e918ebcf97bac9a5a21e7db8f975294437ca252906545454001f5ab0e4b546373b8c7b17804dfbf907f24724ca1c60082015148214662269d65f5dd8d8f11ef2e2fdb75286eccdaa576c1256c3a500ad699da798a84f6a7d2545ee49524151242d45240d5c9880460124b0dbba58402aa9acf38254424005090a04e9e6e30724019e7de0f1ec5f0eadb0ac6a2b1bc7ad9e0ac6b774cdedc5b94a980490491b94911d0551f56695ff0024b51b763f308bc4f2b6f21ce4e50a0adc4a4cfa55d323c4cc25fdbdf2022f90ab9c5a31e0292857294927989e6dfafa55575e6a9b1d499fb5bdb64bed32861b6561d480af2ec4883e9536cdf4c9ac52ab52ad2b05dc067094807c1f3b6220dd85a052a534a53a9243312ec54a2478f2df3125c56c45b31ad98b3b6658b0b6530cff0064d84253cdf89463fef029cb3c2462ebf43ad190b94b37d70bb625fb4f0d60849505a5255ba4f2f7f5a5733c44d3993ce272e8b0bc7af025a68377051e1042540a8c093cc408f4a7eff17b106f5875bb2be3f2f7eabe056e20970a904107d06fb44c002a07697f95494f229652d25292144e92e58f573b919899d958e6d54f9f53312a0a50200d580e3a6367c443ab8421e7b14dd8e505d0bb7deb779c5345296bc39e650df71b1fe14e2cb84d8fc8bd88f95ca3ee357ee3c9e75b094c25a998126498dbdbad48697d789bdbfc659632c5d79e61fbab9525e7503c542c28a903fbdb88f534f33d778fc3e92c4adfb3bfb02c5cbc966d1e752ddc84ae4f88081b72988db7fbd449b70becb9c8a599308517030824bf68c48f621b6182f12e55becb324aaa112c1486272a60da1c03ed53ee7668ae3dc39b3b5cf1b475bcaa101a4ad36e1b6d4f289590a2140f2720001e6f78eb524be12625abcca377190ba422d2f2dd90b42124ad0ec40ff4bcd13d3bc76a46e38bec5ca2e2ddfc6b9756cab66d84172e21d572ab9a56a03793d40f4a25d716edaf5dbf70e3161576fdbbea1e388496b9600f2f4315288e285b06527001629ea9ce4f4d5bf3e670d187e4e21f293927215d158c78e9dbd065d86b2e1b5869cc1ddddda5ebf70fdb5ffca38168013053cc23b9201127a75da98da70f98bbe1cdcea3f99526e1a7b9431039794282483df9b79a71aa3890d6771791b34e3cb26f2f05e1597b9b955ca1311ca246dfc6aa2ce6ae1ab536be3389b62a0b2c851282a8d8c749f7ad45b69af3369109a99a51302c124b17461d38c64bc67eb66d99156a3265854b2820338014e5959e81a34ee1cfc9bda3b2188c8f91bb95bca4b800253c8842c807ec4fdaa535c60ecb3f97191bc0ea71d658945d298b78495a94a242428884fd7dab2c5e683786458b2149578cb7bc64acf452024a623d05595ce2e2dfb8fd662da55ab9622c1eb753aa87103a19890a1277f7aa7aeb157caaf35d460ba8a891a80676048f152437811ca3414f78b68a414554cc0240c12ece402c36492fe3e313967c29c4bf95b9f0dc7aed872cdbbab3b45bde13879a6429507611d40ee2a5f1fa6ac17a71384ca3574dda8cf165b612e82b4f327cb2af483323afdea8af71313777e9b9bac532e25af085ab487568f00360800286e419de7ad2c38b574a3cef595bbab17ffa439b9d4073810131fba040aafa9b5710548485a896d247783820722ede65817d891059372b0487ecd203b83824104f3c7a0721b763132d70df038ab32f655f5a5a76eae1845c2ae434184209093cb04b8a247415988b059b9794cfeb52c4a8b8911e50a002bdba8fceadaef145d79ab966f313639061774abb65a7f9e1959326083244c98350181d5cac2dc5e29cb2b6bf66ed1c8fb1700c287305750411b815a8b648bbd3cb9eaaa75acb302a0ccfcba162c760481e26335719f699ea928a764243b900bbf8f50fb6e403e422d3c6a65c7f5532b85ac0c7b04912606ff96f517c2c6fc1d506fbc566dc5930b743970be46c28c21327b495505ff14b25907730a719b64a7276e9b55a424c3484f408dfdcf59f5aafdb6a05da622ff1e861a526ecb656e9079c7219006f113ed5ea6b7568b3fd1b3521274a52e0be0b6a3cb6721b9b40aa6be84dd7e9096a24395310d90fa47b71e51ad6add216379ac356bf776e5c1fa2bf48db2f9d4395c0394f4307714d2fb87f83b455ddfaac54ab4b2c2b57a6d03aa01c797cdd4ccc6dd05554f18f2ca7d973e52c7f5568ab2e55345416d98d952ade089fb9a97d3bc42bbcfdcddb97d7d8bb4ba3649b54b57cd10c5d202b70b2260804c74ea6b226dd7ea39092a590842529c28ec34a7003b381b8d9dfa98d4a6bec959394129054a24e5239b9dceec4edcd9ba44f5c70f300c5cdf5f9b2b66edad31d6ef861f75cf0b9dc24a96b20951000800537c769ed1f77697f7f6d8b55e5923296ecdb87d4b410873942875dd20924773b5476b2e26231f97b35e25eb4bc70580b4bee564aad5fdff0849ea91bc1f7aaa8e2964d86ae1b43160965d7dbb82d0b6012953612101227603946df5a6535aaf7574e262a6286a09675a86010e08ddcb120bec73e0b5373b3d2cf32d2849677640392ed9d98380436e2349c7e80d36e5fe5f1b6cdd97e9345fb896edeff0098cb206c96e0823a9f30988dc533bfc15ae76e387988bcb46c30bb721d5239b9804120a02a760a3dfac9ea2a84ae2de64bef5c83649ba5a96b4dc26d53e2b454005142bf649a8d7b8919a38ab2b04dd72b364e07585a5003a920c81cfd601de2a4cbe1ebd15898b9ce7912a248250a49231c89040f3cc445dfece10508978e60240040525401cf362e7ec8d53198fd3792d52bb5b7c6322e6d98bb66e4b2c29bb7f289401264ac0104c41de8ece9ac15de9e6d8561acc3efe9a37aab94a2161c49d88f4324927a9dbb5662ef16b3abbd45e7ccb0d3e94ad3ceddb369e6e7002cab6dd440024d353c54d40db496d17a96d08b736690965bd9a3fb1f87a52fe4cdd89494cc666fd351c8d5faa30e430f6478f115a8050521ddff00412305bc4e70731582d081eb0236a2c72a24883fc68a5f947e23cb1da922e494c401e86baa14ab9c72b252f8832544a943a0ea67b50b8e04aa39a28aa519f6ef4056676022a2aba98724f28b189013ca798c7414451dfa40edb50a140449d88e9d2bd1cc41e87afd7d2b42cd0f58cc0b6c38e3896db4a96e2884a50132493b401f5a1bec75d62ee14c5e32edb3d00f86ea4a5507d8fad5934058a2f3525aa9e58699b60bb971c5c94a43692a931da40ad075be9b1a835769fbb45b3594f9fb485a50e94b4e2909fc5ce37091209ef02b1f70e2045bee29a4989ee942944f880481961900ee7a469e8ac2baea1555215de0a0903c09009c677239758c39c2ae6237899a0214143d856f4de87d3cefcbdc2b1d6eeb6ee25eb85fca95a5b2b42800a473191209ebec699e274ce06f59d3cb730b6eb6f3cfbc9500b5136c9093ca96ccf511249eb55638d290a0ad3256c3fb3c8289e7d10af4f189c783ea82824ce4b9f3ea00e5d542316b6bb76d5d43ccbce34b41e64b8da8a540fd474a7d8ac3e4f525e298c7db397b7001714da375477264d6cf86d19a7dbfd0766f626dee9db96ef5a71f513bf86480a898e631d7b6f159f70eb23fe4fea0bbbe4242956d6aeafaf500a647e535251c449ad9153328a57e7258c6a665779491b176749e911d5c3eba49d4f2aae6f71673a771dd493b8676508807f4c65ad714ac8bd62e22c90e16d4f92239c1829ebd6411f6a678ec55e66ef5ab4b2656fdcba484b698049027bedd01ada35bb8cea1d0f74ce2190e3273219b7437bf88489247d54a51ac852ddde12fdfb75a576f729e661c41d94276503f6a7d9eef3ee74d356b4a513412024f20c19c3bf3cb374815dad122dd532d0852952880eaea72ec59b963785b3ba2337a6eddbb8c8593968c2d5c814a524caa0903627b0a80505731299248eddeba27258fb7cb7125bb7ba425e606291729b7707321c711cc124a7bc73131dea131cfe2329639cbf6f0aca8b38ce7539716c9690fba85415a503f00ec403bd5152716cdec52a9f2752992494e00d6580c93d0f3f66ed7153c292cce50933b4a5d400564f74393803c397dcf8c34e14c149239779f4a55dba75e3e75a96a8fc4a549adeaef0f8cb3c86732a8b361bb9671d6af250d5b25c080a9e7525b3099204536c63d8f771cfdfdbe0d8b44bb97b6f0d9b9690b284b813246db020920769a41c5e8989ed514c4b691950195005b6f1dc742ed8751c273259ecd55003b9d8ec090fbf86de5be5b1e3a76f869c399486cd88785b9578a3982cee072f5a8a473a6414c13bee7b5741a02f136f956acad5b71075225a36de105a1485253cc3963a6ff006a5f01a61bc36a071bb569b38a7722f34965ab74b92390150716a079509208007526a3278d3b2973573a583b94e59c302c70739c7239d9a0ebe0fed172d32a611b0561f390e32318f31e2f1ceab4f303bf4ef3450d98d84c8fceba334de28388d3ca45b254cb69bf69c506c10005420131edb7d289a6f9518ed3cc2ad58712f62aebc42b64152b948813131bf4ef455f1b84856890ec4fe974d7fabd10fed1034706153154f676fd1eba3c7f59bd91ce41651b410afad78102001bf5fad687c5f9b9b4d2978e36843cfe352a70b6d848519f41f5ace3749dcec6ba1daeac5ca9115253a497c3bec48df1d230773a436eaa5536ad403659b700ed9eb0e790a90145262626839552409da93dc0d894d7bc6500209063d6adbb31107521b3065b6e00925b31d8c520b90a850293d63b7d68ab7562609dbb4d020124a888a268004475ad27eabc188e554f53eb5e0657b099e9ef40b510be6276eb429592481b9ed3412984072d1e52a12a3210075529400fccfbd47bfa9b1762e7837194b261d1d50e5c21247f1a9cc2626db2fa9306c5e32d5c5a8c832a71ab86f9d0b13052a4f71e6ef5d5ba5f869c34beb629468ed276170c83e12af714cbde280904a8427600f313ff0078b4a6a0973a5768b5733d3946bad368457cbed14a233ca38b1cd678204a4662cc94c480f4c5117ac30e582eab22c25b048e6f3751f41ed5f435773a171388c7dd336fa7d9b671210d3ace13c40b239a79021afc3ba37e9b54dff9438f55adb5db170d396aa3c8d96b1a94a5af52a0ae529122248da6a57d1b4c00249f511a04f0cd3bb294a3e9f08f99d69ac2c2f5c0965ac916bf6ae4e2ee432d898952f9200e9bf4dc54d381480a1d503d2ba9f8d3ad18d4fa075be3dcbd602558f74048400e25d4b5cc79c09e51e53b01e95cb8f7f669dc292403ce06c76a8b594289084a802097dfece9198bd5b64dbc24c9720f3777da1929d2489da3b75a05383bf50624f5af2d32641827b811345490a064ee46e277aac28c4643517839fc213b8f493474083da3a98349b8414806398fe54669329049e9b6c2a24c4e1e0e939850024c099f6a148ebd00ed06935121462951040907ebb6f50b4e711293138832889de3d2855cc02412441e8452285feb093e90229c38a4f2020993da6af20cacbc48e2736fe219bc434db4a174c16165c473108264f2fa74153f61c4fcb63d8c7b2d0b54a2c010c4b20982214099dc19dea985442449891e944529209240e9bd54d4dae8eb093512c29fa8f06f716f289d22e7574a009130a5ba79bfbf31795716338a400a5da2e1b5b00aad93210a2253e91b0dbd8547e2788997c1e3fe4ad1f40652a529b2b692a532542096d4774cefd2aacb7009ed3bc0a2070244736f1d22a3a6c56e4a0cb1213a497660ce1fe27d4c1557bb82961667a9c61dcf3ff21e916db4e24e6ec5ab243372d2059a54960f8082a4737e2dc8933dc9a84b6ccdc58bb70b69680ab96d6d383912414abf101236fb5462569546e7e86814a4899263d0d4a45b69256aece501ab7c0ce49cfb493e66214cb9554dd3ae613a76c9c600c7b001ec8b0e3f5b6571960d595b5da9ab669ef98420213e570190a9899a8fbbcb5cdfe49cbeb9597ee5c70baa5a87e254f5a8d0b047a13b0a12a0a3d608dbd6951434f296a992e580a56e400e5f773e3035d7544d4250b59213b07c068b1dd6b6cddd64d9c83b9078dedb8e569e0405a07a02074eb47738819db975e5b99278979bf0563ca0291b9e58888924c7bd56b99291bf5e9eb44e720c85193de2a38b55196fcca7018774603bb6dd7305fa52b013f9e564b9c9c9da2ce35de705ea2f4652e05c86fc2f179a0f27eefd3d8d14eb7cdcb87f4a5c9f11d0f2cf3fe270442bea206fec2ab4972379004c1ef462b20a64c53be8ba4fe853fb23e1082e757fd2abd4fc62ca8d799e6d2e7265ef12a715cca21e20a95d24c7534ded756e56c982cb191ba65af13c5286dd52415fef75ebef5060931bcc74da932b0926099fe74a9b7528040949f41086e55648266abd4c581bd61966c242725768095a9c1cafa84295f88f5ea77fce817abf2c9098c95da0004261e50807a81bd40246e660ed5e7015743b1a2fd1f4cffc9a7d0437e91aa6fe50fa987f7d93bac986c5d5d3f70947e04bae1572fb09e94d21024013f53492164c8ee0fda84289901531bd4d44b12c694061e110d538cc3ad65cc1f9413b92a51f5a3a909e589dcfbd2017041899eb474b92956e01f5a790a8182208a6475da4d10a798748f7a4dfb9085f29304f59a3b64286c76ebb513428073002a492c2054028cc7dbb5084caa09fca84a93dfd36a24a40e604c4c50f4930470226f4ada2af750e35a0fa6d94bb86807493083ce9df6eff00d6b45d6d97bcd3bc47d2d8d43ea461f217ed589b307902805924112494ca93d7f16f3595632e7e5af1a75214b52140c27a9dc55c75bdc69dd49c6dc4bfa7eed9ba5e2f515a73875d52de7fce92ae5ed09420797f140e68815a9b52d52e4292d8739f608e99c3204da739d95b7a474df0f537f75c35d34f675e0eea0010876f594f86847883986c201204751b45517545e6a5d39c6bc3dd5ba1ebdd35994a2cefeed2949643c4ad0d9480a10a3c89249491e6f49acf74dfc45a0b4c687b26ee6ff515b3af582adef9094b172bf154942438daf9d0508d828883fb515a9dae80d6361a3f016f98b2c45a230d99c7ad8631afa943e55bf22e54b325c85181d0ef52912112b0bdcc6d553015063153d79c3dc1e0b29ad6c0e494eb992c0dc3edb6e997567e5d450a302079922b9cadc78f8ab15f4961b247a7904d741693bacf69e62f6e338b5ea07cdabccdf5bdc478f6ed1e6436b447e24f2408fac6e37e7eb3426df1564c858702194279e089000df7a857254d9d250a5ac29b1f6460f8a642654a41093927edce2105f2a37e5dfdc527cbcd20083dff00f1a55d4794904113d0d22202489851e9359c292dbc7322730213cc1236276ea6966d2363e824ef489208949fafbfde942ae600f491ebd6a14c41220e85083b44099889d8f5342974a52079688a5240220ede94085a003cc379f49a82505c9789295b44ca124a82ba9fad2c8500123977ee49da93e6949dbf2a00a90019db6222af771055e0985baf4548fad24a24920403d6ac3a64376b8dcae59768c5dbf6be0b4cb7748e76925c52815949d94404ec0ed2660c54ce0ffca7d50ddfb98bc7636e1bb267c7b922cad1b0d363f6cf3246def4a13b448448ed00ddcf40ff008da284a256a1303a6c2bca1b12363e957ace2b5569bc6e372791b2c6a6c32092e5a936b68e22e123a9e54a6797783d37dbad57357d9b5619a7916cdf84c3886ae10d25521b0e36959489ec0a881de2294a5a033a4766092f8ea1b7da21ca48983b7a9a0509127e87d684ae6414cabb502412a1240f43d850c988612f811e3e69da228c531044cf511425a20f9764faf6a50f2a5200dc7724f5a483760a01d5884e3995b82477a4dc4c81e9333d2854e28ef007a0a2f2c990677f5a405a239ce20dcbb110441e942992620fd3a514a8f30dba0a3012440dbd0526a840338816c48db623d69371251cc00fb52a4fa81bfa515c8e5263b7d6902b30e29c415305b8dccd796004c027af41461dba6dd41da688eee3a75f7a76a7846c4792a093208eb4123709f5ef4dd6a21423ad192571b447d77a2ed030ae50af34912a814ab6ae54cf375f5a6ff887980134a2fcc089d877a4261c21379087173dfb6f474349e52003d26891e799facef52362e1573a360823986dff0078e94477004124c91356c4b3c31200077200a212018efda9e2d4b1d1500f5e5575a2a1b2e8920c4983d2694a6241a5c80930caf11e3585d21292ea8b4a01091d76e9d2b62c4709354db6b46322ee56cd9c45ab872372866dd4b7421465942a07868500402e23750ea0565a9714c2c1da52771ea2a5d3ad7365975a397bb436eeea40b85c2a0409dfa76f4a9b227a64cb524ee634f69b9a6d92cca5825cb96e8db66357cd689d4ff30ad4d61a5f10728e5d29f4df1c4b2b71606e95f3113cdfde813d6a76e354f1373b8275fb865ab0ba6803cce14b6c91bc9e5249dfd79bbfa1ae7b7b52646e54d872f6e5ce512029e5103f8d315641e75d9528aa041e633fcea5aae52152f4682fd62c0f14204cd7a0efb3803ef8e8dc6e56daff001f62de5b238fc73eb714cb3785f6d4b6a40043839a4a498dbb0998906b9810e116ad4c90014851472cc288063b6c29f1bd52530984c764d33b978aa4abcca1277de6a0cdab4cd4040198cf5d6f02be489212c0171976f0db6f7425290082a9efb6f4dde503b4991d081466812084a4927d3a9a22090774c9e9cb50dda328412042848e498331d20d1d85f3ef3e51edbfd28bf85008d95fc451d90397a007b8f6a813558312109cc0abcae74903d7a521c9cc279147dc0a5d29e62a0606f0229cb56de4dc81558a9a52711284bd5120dad5ba4c18f5a39e64a80036d8d1ca794efb027a7ad18279483dbdbbd5f821a0eb4978b4e94716ce072ee24942db7ec5615dc10eab7aeafcadfe3d9cef15312a8bb7578d43ac5986fc34348f974f3361cda0ad441e54feecf5ae4dd32b71383cf8611e23e845b5c0484f3ec878152a3d0489ed1d69aea8d6596d659556472d73f397c509429e28424a80e93ca00303bd4997384a181f8cfc63434b5c28e480ce4fff00a07dfd23a1339a570fa9b82b8ac8dc6314d3b87c05cdcdbb0ddcae1b597842573b9041e6deb9df5c4a32ec1236f91b33f9dba2ac5a175cb5a5b13a92cdec73d7cacd581b1e669e082d8267980e5573198db6a85e21345bcdb4ca814bac585a32fa4ec50e258405a4fa10768f59a49931331008df9c0ae139151212b4062c01f6381c8728aac770607d3b50f42447d63d28e072c6d22276af729f41b7ad4324466d9a3cdac01b92624c4d1482a1311de8500930050898036933dbbd30aa0854560030890a32249dbd68112647f1a5f954920903eb4990a5488d81df6a40a10129cc0a95ea28b241107b7aef4708822534094942761bcf53d29ae215898f2c481bc91b9268a3605227a451d72adc148335e0d94ee0c835e768f341794abff0a05b640993b7f3a5920a4f51135e7c727431d0cd285e617438cc340caa7f077f5a00cf2ac13b0eb14e6373209a042553b11d68baa1bd9884f907962046fb50a9b547581d7de95e522041f5debdc85299076eb49aa1da3108144264771bd08051f84efebeb47582267ee681b129549923aed4e78604b1c418ad7ca991cc00f293d451bc42920848491d23fad152a57d3bcd7b9d44923ec7b534ad5b44913569d8c796f94a9444aa4edcc6915ac951f2eeae8476f5a5ca7dcedb8a05a5412a3fd2935930c5152b730d49009001f59a28dd23bfb51d43cc249888a304cee6984c0025e1a2d24123633ebfe3493e8207493ebfd29f251ca4c481e945b86cf290ae51f5dabc16c60665b8860ca50168e6d924804113fc0d26e207cc2b908201d8a3a1fcfa5382881b77e93499410649923aef44d58869fa810d054344a3756f3d23ad1d21509e6edb1346e529414cfb6e2457824aca7a13d26a1cc248782a401b42ed324ab61b6c6477a54a147a4fd851900a7a7948a310570529591ea0d54a9c989e0068930ca7793bf69a3868ac18041f73456dc0a1cc94ef14aa4cc83d636abd0a892b48785acee9fc6badbf6af3b6ef2374bacaca5493f51bfad497f975a80c9198bc063b3a45449109110676dba515291cc7b18de7bd344c239c302968c24b44c9d71a81477ccdff002f78b958fe46a0dd52ae16a5ab72a324933bfd68dcb07f96d4630543ca403d87ad2768f878f294b58ef1786e592768000efed45f0778547da9d3884c813cc07b4510ec480249ea2935c04a21b04049890050c6f3da9424788241076e828c4ccc081d4fad0d4a8684c261208dd69ebd0ef4916a142207309e9d3ed4e48303b93340829e6893d369a605c38a3308f871b922bc1a910499f7da9ca920f58999a001240881b4fd6935c7b472848b216b8dbfeca296082a0099f614ba404ba62249da94242b7099af098447b4030d92ded26207f3af2d33099914b389faf5de8ae44ed023b74a7ea8f69844a4418de0f7ff001af25079f9527cb3460399441223d6956884911d4f5069c56db47825e1100a44927d226bc448123da0539242e37313b510a412449fad37b407943ca21b2d12da80812628a8440da4fb1a72e0053e5d89ed413ca27cb44ed310228cc3708e61de3ad794d4736e6954aa5406c2944892a52a0827b4d78ada1421c621b287924827e945536a28e93f4a5d6b23ebd409eb446dd2927b8e94ded1b68f691ce1143414e4f299f7ed4096882472907de97e78209ebef465389e683bf4da8666126104b0d0dbc25098333bf49a4de44a46d1064c8a770929f2ede914ddf3bc14983e94a95e618a43088f712a24800401d6bc5b04106207ad2fe50898e503d2920b044c0303acd10ccc446d198175ae500110a90771da850df984093ea68507ca36e533eb26956e368f58350e64c60d070804b88042616647f1a70db7081e602681b473b800f5dc9f4a8cbdbf02e14943a5284ec2379f7a8895bf289b2e581931ffd9);
INSERT INTO `book` (`book_id`, `name`, `author`, `publication`, `edition`, `description`, `price`, `category`, `status`, `imagename`, `image`) VALUES
(8, 'C++ programming', 'E Balagurusamy', 'Mc-graw hill publication', 2, 'nice book with latest edition.\r\nso good deal', '230', 'educational', 'Active', '9780070669079.jpg', 0xffd8ffe000104a46494600010200006400640000ffec00114475636b7900010004000000000000ffee000e41646f62650064c000000001ffdb0084001b1a1a291d2941262641422f2f2f42473f3e3e3f4747474747474747474747474747474747474747474747474747474747474747474747474747474747474747011d29293426343f28283f473f353f4747474747474747474747474747474747474747474747474747474747474747474747474747474747474747474747474747ffc0001108011d00c803012200021101031101ffc40098000002030101000000000000000000000000030102040506010003010101000000000000000000000000010203040510000202010204050205030402030100000102000311120421313213415161220523148191a1425271c133b162241572a2f0d19234110002010203030b0402030101000000000001021131214151617112f08191c132528292031343a1224262b1d1e1f172c223ffda000c03010002110311003f00e6575ab2648e334d7b0162ea5e7e51157408d0ecbc891336f13d78fa69c55146b457432af8e36314c69224afc633369c63d62c5af9ce4e6585d60fdc62a87b4f487973207c73f1c29e1257e3999b469c1922fb0670c78c837584e751cc750f6de90e82c7e34a8248e529f607c067324dd630c13245ce38030a87b7b21d057ec48fda647d8b7f131a3716631995efd9e70ab0e0fd61d025b6a2be2eb8cc8eca79473d8d6751e52a226d94a11ce31aec453b15f949fb7afca3312449ab0e08f75740b1b7afca586debf297025f115592e11d1740afb6afca586daaf28c0258092dbd49708e8ba057dad5e52c36b4ff00131b89700ccdc9ea43847442bed29fe26586ce8fe263408c0264e4fbcc8718e8206ca8fe27f3961b2dbff13f9c7812e0199f1cbbcfa4871898375b4a529674041109a77a31b77fc212f8e5edf69f6b5d86545c543895744bca55d025e773b9eb7a7d98ee44c2442234261084002108462264421180424891000cc330862202726193221002727ce4eb3e7051a8e07333436d595b49383e1eb021c92b88d67ce1dc6f38d5dabb3141d4b24ed1f195e27ca1417143609ee379c3bade71abb672483c34f387db367d3c62a2d038a1b05f75fccc3bcfe6630ed8a9f71c2f9cafdb598c91f8c28b441586c1375ae508261176f4984aa2e1ff0006545eef83ac29e812f29574097113b9b7a7d98ee41084223426108400893097aea7b0e951c7d631374b949134a520e4138239c91da019b99f01e1110e7ce661233341b17b6142fbbc5a35ad06c53db181fb7ce01c4f4d74cbfb314331ed60f70d38d5ff00ac97b0109edc6399fe500e27a72a19f3266b2f535bc57087f49514a584843c7d63171eb819d58a9c88e1b861cf89f095ecb71d3c5579c4e603c25735fde38e239f9c5f7df1c0c4c230508e83d772e0b1fe5ce4b6e9ce478199b30887c11d0d0372c78371127eeec333c201c11d05dbd2610b7a4c256465f2f83ac2ae912f2957409792ee69e9f663b90421088d0997aeb6b4e1064c94a8b297fdab1cd6047cd3c17966066e5946ff00423456b586d5ef07a635decb4f7eb5c05928a36970d635ab7f78c45fb7dc76d8fb1bfbc0c1bcef836b6acd2ddb45354854dd9d58e6b2c531b7d550e7d7345159a370d5819adb9e61b5abeb3e839ad7988d23373db82a496ed37d6c22c437220a8674f31e52edaeebf552410839f97097f8e0a1ac6e4043e3470b33c35477e5a09be1e2fd7ff57e831a8baed7a78e7aa30ab5b522d7ee29d5e9357c67b75af8c8f8e183629e062a7d4729d1cb0ec51ae7541773eab53b6353789f38ab694ef1a5781f03e5e71bb152cb605ebf0265b6df4e97b17df64615e1c16548f4e29bd88cccac3e8d275eaeac4ab156d3530ed95ea334569f6f41bb958dca2c05ae9d567b9ade5e911a278f3d36b966f4697519aca704f6fdeabe31335e2cdb579e1a6ef0fe92ad52b85edf51e6206aa5ae2b5dd7afd4cb261081b04210800bb7a4c216f4984ac8e7f97c3d6157409794aba04bc97734f4fb11dcbf8263a8a85a4e4e31175d6d61d283263cb25ba500ede39992293c973ece62f59371ed634afa7a4bd656ca1931829fac62d36a90683ad478cb55757a9aab17407ff5948e66ebd9c694785d638d55c1a96ba84357b8af3f38c57ab7160168d2ebfacabd566c9bb95f1afc44d6d526f6ad606963e329193967f8b6e925755d4466eda0666f783ca58519a8bed8f17e31db2b4d886ab3ad38197daedcd05867287a63a57958ce52a56b4e254dd25cb1114e8dcd46b1ec6fdd32e49181ed349e5fcb33ac36eab61b073324edd0bf731ee8e84fb8937a5f9f35bb239d5953b9675380071f2e5276c3ee2cef9f681facdc369505280706e72eb4aa2685e020903f5165b23e1cce72fd6bbe80d28bd67ce412bb4b3b75fb8d9cfd27469a4529a1667daedd909b6de2ed1507c6b1eed294ce5a37cb618bed4e82774d803a62ee2772516a5f62cd0abf7d6973fe34e43ce4df7f64fdbedd7dd172de6c9bafed7d231e598ab1036e707a1072fc266c82ef7543a3909ad285da8ef5e72de5332bbba1142691fb8f9c45c5e964946b68ede9146b3b805d4052bcc4c866cbe829ef278fee5f28ab74d9eea970a39c474464b9bf8110872840dc5dbd2610b7a4c256473fcbe1eb0a7a04b994aba44d150e3ab190bce4bb950ec2dcbf81eaba155ea3ef6ce446d4f505ed5aa559b99945acd8ed6d1c0247a5d5ee72970d2e79378c0c64f7bd69da5cda22b6ed9a85ee54fa9473c19b1abaf7d5875e0cbffce311b61f6f61dbb8cab7898daf4ed6f2392bf2f294be9998c9bf125c516bf25b46ec2dee21aece638466db6cd433007d879467db2f705abc0f979cd3292d4e594eb5e1b4aeb691a47303899cddcfcaa6ddcd7a598af3c784ea4f2bbab4537dc1c1cbe34ca323af6fcad75aa3052ddce58827cad6d535c01f6752f8f19c4b469a6856cae35648f094aec1f6b6a90789186f16e3003b6ff2f5a853a58ebe5247cbd46bee60ff00e3e3391b9385a01cae01c912bbb74b96b7ad4aaa1f770801d75f9aa4a172082be1e30abe62ab5c5601cb456dcd3bd2e05785503dde7337c35296b3161c50f0801e874e95c200264daed8d65adb38bb4dd15757dd52b92b9f28a85a7964eece5043bfb4963f4d21b9dc92e29a071e47135daa9b5a48074ffac4528bb5a4dc7acc8e4cea524f1a5576611eb6646dbad2755edabfda0f189eee8cad4315d9fca3aaa14a9bf70700f21e72ad636e8766a41a472324e84f5fba97768afee864babed314ceaf58b9a4e835851c6cf199a074c5e1cba45dbd2610b7a4c256465f2f83ac2a1ec136239aab3c3aa64a78a8f59bc97565ad8704fefe725dc49fdb15b2bd08b8a59145d41cff0021e534332ee50da8b8b139c511f68e2d43aeb3e03fbcd34d87b8342e9a9f9e6346126dfdd7d1db7c5eb8117117d0b738e2936af6b7680919133d269a2c6a78e4ff002e5f84df5d4b58c2f012d7fb39a6e96adeb17b18cc622afbd76e85df8011d393f3433b7f4c8947397dbfca55786f02be11437fb6dc300e38f81982ab2b7dd1640342a7123972986860a6a3663b659b973e7003d1beee87664619edc4aef769762ac70f0fc265d69dedc72e2ab8fca67f8dbebac2abe9627569c735ff00ca00754ef76b6a173c74709166fb69566a6e5e227986cafbc74bb7f79d6f96a6bab4d807becc66007493e436b5a02bc14c8a77fb54567af879ce57c9d15edabad13f771e326db6a6db58a34f7068d44723fd2007736ff2546e1b421f74db89e636ec8dbbabb58c01c71fd27a88008b76e96905c674f29837413716a540f15e62754cc7daab6da9fc5bc4c968da12a6b5fc56f31ee717da36e4602fee8a7b896156d380e44f9c6aaf62a3657ef67f1e7339b12a535d608b5f9fa4867547662961b2bf949ad05b2aed2dd27dfe7f8cc4c3066bb6aec28663aac3fa7f58adc31722c2ba73f9188e983cefb75a6c325bd2610b7a4c25641f2f83ac66d90be9507066e098b18d8d955e67c662da0438161c2cd348a406361c91d325dc855e157ecab2d76f2d47d76a5074a8ee2b73ccd9597dd215b0769579622177a959d1526ac72334d5af718b5ce841e1e71a309d7b4d5349378f97e83d129dc80e3891e3e31f6dab42177e91154ed52962c9c8f84afc81036efab962688e39b55fb5ba6d2b4fc9d1736853c628fc9edacfa67883c0f0e138bb1dbd97f6c85d35a6acbf9cca4f062bd1a867f38c83d25d7ed363ec200d7e0041edda575ad840d27a672ef352ef09b7a7470fca665c04a0b74e5e007706e367a3bc00c373f3fc64ed4ecee24d6a030f4c19c47b2ab36f676d741047e3c63b6255772cd6fb595787e5003ab5bed2d6ec28191e119dddb6e58d6c031afce79cd8304beb73c325b27ce4eeb3f7361aa0077df71b5bd0d8c352d7c38ca93b2ad57daba6ce538d5151b0b078e44c4010c81cfb41181003d554db5a9cad6a158738dfbfa7487cf06e13969a46faccf2d231f94e3500ea456e86638fce007adb77b554da1cf132d6d09b8d249c81f919e7af358b2f6b175e34e27776ebdcdb815fb322034da7861b459ab360351f6a735f099977c992d6a69b3c38479da3d098a4fbff0071f399edded6fc2eaf25666fa0ec8ae2b7dcad83a4b93fe04f63218ead4c794432dad50638d0bcbce68edd1636a47d04fedf29915328c4b634f21e724ea8bfa3578f3196de830916f4184ac87f2f83ac7ecd9570cc352f1c88eaaca154875249e513b2d5c0a0c9e3c2355cf6d80518cf16f1125931554b7473a1d04dfa2f05afda25b5b5e0b59eca2296eb530cc8348f2f1977de5967b6baf29eb2b79838e358c56fe2ad3fc9bf6b4352082da94f4cd1656b6a946e20ccdb516f16b4000f203c26c12d58e39f6b1c770baa95a97b6a3db11f614e0ae383739b2119063bf6355e06b1d3ca4d9b2aacac56c3dabca6b873e1003922ad99acd408d2a78cb3d7b42c4b119038ce06eaad17d9420eac1fcb8c6d045b4df73019f68fca0075cd5b2d2bee185e9e32e89b41a9c30ff71cce29da236c977079a787873961b5ad364d7f8d98e1e5c60075d76fb42bd90461fc331eff001d4be011d3ca703660fdcd5a80e4794f5b00317d855acbf1d4dc0c8ffaea70a31fe3e537420073eff8ca770fdc7073e9368508ba5786394bc86ce0e39c00e4bd17579bb3aacf00397e51366ecdca6aedfd5fe91cdbbdd29c681141efbcb61551bc5b9199eea9de93bcf8763ad29d1919d129240b8157f18955ac073ccfed9abb950602ff0073af57aca9ec05634e4b7ac9e8364dfed8d3fe6ffc751cbb7a0c216f4184ac8bf97c1d63f62c14862748e3c65d48d0c35632797f28ad9b85c161a879472942ada81f4f492c51b2dd1d0e8d55ee570436a592b6ee293adc62b1e132d7b75b4656cd00f25278cdb5adbb72b5bfbabf131a39e54fd5bd29c2ff00aa9ab6b73dc0b32e91e1350133d3b95b58aa0e0bfbbc2699a238a4a8ed4d84c3309cdf90f905da0c01a9da324e9427913f33b91c72a3f08ea7e72c4ff28d43d200778ecaa36f7b1ef8b5f8fa96b6a80e0fce68dbdebb84162f231d00327d957d9ec63d920ec6becf63f64d0b6a39c2904c6400e7a7c6d48e1c0e2b3a10905828c9e02004c2555c371539968001904f0e124c55960a94b1f0805f0309deb3a95418b7f8c4fd95b682f63e966e62686dd20f7d4bac9e78e6264b365739259f1999be93b23f6fe9bfee7cdb060a76d57b2d219fc4ccc052a8fdb3eef081ab6e870e7532f3f59914d5a5b20eafdb1741d118d7393b6ee8d0cf68fa6610b8e50c25645fcbe1eb276ae53491cc4deaec2c6ee0183cc7ff00539b574033795c95b1db2a7c643b8925c31ff9e7d47a575ee01b2cfa7a7963c63c1b76a8493ddd58c0e7c26650dbc7d03db52fe9356dd41b7556d9ad3c234632db6bf0de9a2aeacd82eaa8d28060b7809ac4e66d1abbddae230c26faad4b46a4391344ce49c69ad7f2de3678ff0094c9dd1f49ec278ff94fff00a9bf08cc86fc56dd3706c2e33a794e635768c8d2dcfca76fe0baac3e1c275feff6ff00c84005fc502bb650460f94dcdd27fa4e47c96ead5547db7156f29ccfbedee38830027e14937b7e33d5cf0db6b6ca58b53c58f39afeff007be46007ae9cdf96246d588e139776ff00768d855e1326e37bb8b90a5a30a799801d7f83c9a892733b53c5edb757d09a69195f39b28f91dd3d8aac0e0c00f4f156588b857fdde7184f098efaebdda673d3c8f94195149bc6b414bdbaad29503a9fff00cccc7656b7f91fdc390cc6eb6b2a036e7de9ce67b108ff00928dac8ea99b3b229a77a3b638bae5b9342f5d2b9751a9c781e5106dc55a3473fdd1d6bad880d43433750f389bcba815b9e9f088e98ab6b5cde3818ede83085dd2612b21fcbe1eb229e8135a20743c71a264aba04d1560b618fb4f390ee547b11d891abbaf720ae91851d463ec5aaa5ec567def8cb794423904d147057fdc639169da9d561d568f0f0872a983c2dbd455dbd65ce3ef2b4d6b43fb99bf8f09b4355b54099d2260d9a7758ee6de5e12d42aeeaf6b1b2557a7ca5f2e639e4959b748e32a6727923ae2790f95046e893e3ca7a51ba46b3b4bc48f1f08adf6c1378067dac3919672b4d5ce2fc4de941b05874eae5390541c9e3cccea37c1dfc8692236bf83b58fd4200f48c475fe2803b64f1feb37328d2780e529b7a176e82b5e4b1a467f1880f2bf0bfe76f1c933d4e91e4264dbec2bdbb174e666d8015d23c84e77cba81b57e0274e277142ee2b35b72300395f0601a3889d9d2a3c04cfb5daa6d574a728cbae5a575b728052b625ec452149c16f09ce754db5ead9e0fe11bbd44b6beef8af1044a301bca3db8d5fa8c4867441515727f6cb6682dff00e3de72715d910d5dbb33aab3a91e4d4d5ee905769c32678c5eabb6632d8756e52796e3a52a7db9d9a76968d3d4a305bec2d5fb40991db531334102bac58a7dcf9c8f299607541742c1730ab7a4c216f4984ac89f97c3d6157408c8baba04bc8772e1d85b91ad436e1552b5e29ccf9cba0a500b18eb71cd264576ace54e2696d34157421b3ce044963c39654faa6c7b3dbbb5095ae84f29b6cb976558a97dcd32adb6d8e0d5ed4ff485095d21ad76ee15f08ce692567658f0abb6f566dd9d636f517b0618f132fb4bdefcbb0c27ed9859eedf1d0beda8f8cd56ee536d568420b0e1293e831945bbe3393f2a3a208309876957dbd65dcfb8f1632db5dc36e3536309fb6554c1c6ed629666d844577ad8cc8bcd39cad9baaebc863c478462e175a53134c2667dcd75305738cc63d8aabaf3ed80a8f4b8d906292d1626b5e22276f78dca907830e044551f0bbe971eec55495193336def5dda1561eef1599b6d71db5876f61c8fda657715d95586fa3dcadcc0935cfa4dd4127c2ef78cb5236b7fdbb1a2de03c22ee46d9d81eae2afe11acd56fd71d360e510af7d3582843afe7889ff00a374b1ada4f0945d9eda8636fb9381f49bcfce21b5038cf72a485d62312a174b9c64ca584d20d4ac195b9c9368ad2bb13fab4c5dc559c94185f28a9323319d29510bb7a4c24dbd0612b231f97c3d6453d02322e9e89790ee5fa7d98ee4134537f673c0367ce2218816d26a8cda81a91ac9f63f949c0ab6e08e2d6f3f4c4ccb6151a4f499a0d7adcb52352260e2060d63f76b5d8e964f6d4d375ccb5d6b5fb49e62316ba36efa5bdd6379f2996b61b9b8dae7463fb4b52ddeb8df60f62f3fed1d4c5c689ac561574ce4ecab98d26dde021bd81639b77f4bfe38e5c0c4edae6bad6b09fa6398ff00493b172cce146943e3e51a224af54a91a3a658dd3d4d0853695647b89e644c56d42b4cb7bdad3cfca37e3c835d81ba44362c0d6e58e42fe90b8761caeda6abb6b6dd4181505c51bdfdc1c0f97096db58109dad8351f3f08af8dc10ec4e587e92360e00b1d8f110590a4b092bf0f0af164f95cbd19dbdddb4f7547f4801aad37d0780eb113b37ed52eebee3e50a4676c4d5fe4fdd0ff636b16f3c235d7572fec6b5c97d59bc686f0239ca6ab36aeb5a9054f9c5bb8bf6d9272f5c2e3f7140b3383573115741a54c1db89a6b24ff001a6c1802fdcb563da1c73f2fe932a1281e8539663f849bae3780e834e8e0c62d9976e476cea6f388d5274a67a6d8e6df4105f421461963e3334339393ce02074a540e70842328a5bd06122de930959187cbe1eb0a7a2322e9e89790cbf4fb2b72fe0993221034097aec6ace565210134680c8eaa80697f168e7eeaff00c743ad7d26297aed6a8e579c0cdc5e5bf1d7535359595ecafb3ccc9b1fe82aa1e0a7df8885b940d2c339e660455a0852757e86066e346af7aeb8ea6db59a8655afa5f99f3952cfb7b9aaa4703cc7e132ba10a8436757feb25eb6ee950dc71d598c95159bc9d76e377b8b556dd556c547b4f331cc5a8ad020d26deacf8ccba1bb590dc33d3196d4e0a06707572e3ca229a55caeebb68ba8d2c869dc69af80f11145d29b4d80ea5fe222b42ad8dad8951cc8e66555ab41e7abf4812a3bdfda960af9f48c3635275d2308de70350a995ad3a91f890227be421ac74989249e673e5035507caed658ea8735c406aebe08de1110840d524ac109126051322488462156f41849b7a0c256461f2f87ac8aba25e52ae89790ee5fa7d95b913084206a108431011224421ce004c8308728006210cc8800624c21002384910930022108460108422022126101842108c452de930916f4184ac8c3e5f075855d02322eae811921dcbf4fb2b720842440d0d1b7a3bee1268dc6c7b0bab5024784afc7902e049c4d7f235211dc0dc7ca3a60724a725eaa8d7033edfe3cdc9af3ce56bd833d8d5e7a274760ca291c78cb56f5a3bd80e7562551183f5a69cd2e6c369cc4d8333ba678a445141bdf409dd4082c76d5d7894aaaa76ec5818a83f7dd1eb454df99ca3b2716f6bf58cffae6d4006043729d3664eeab83d598a3dba1eb04e3abf58e885ef4dd29a69bcc27e31c0ce44adbf1ef52eac8204e8da0268af3c4993bc2ad5b05c6469cfac2884bd69d638dde860ffac71c72247fd6d81751204e8d8ca11accf0206258693561db50fe5e30a217bfea6b9d2c71ebd93db5f7472909b3b1eaeeaf29dcdb85aab15e471ce2536a45348562399850a7ebcb1a6b861962733feb6c07191999eddabd2a1dbc7c275b76d8beb653307c9396b71cc0e51335f4fd49ca514de0d56da1821084477042108085dbd0610b7a0c256461f2f83ac2ae812f135ebd234e312df53d24b589309a51584acbf1632129f53d21f53d21434f717765e56321fd62fea7a43ea7a4545b05ee2eecbcac666117f53d21f53d2145b03dc5dd9794664f9c327ce2fea7a4b0eeff00b6145b03dc5dd9794bc83eb2a7bbfed95fa9e91d16c0f717765e51993e7279f8c48ee7a4b7d4f485370bdc5dd979461e1e3c21fd4c59eefa40f73d2145b03dc5dd9794664f9c8c9f38bfa9e90fa9e91d10fdc5dd9794664f9c3398bfa9e923ea7a4281ee2eecbcac6c88bfa9e927ea7a4283f717765e56324c57d4f487d4f48505ee7eb3f2b26ee83094b35e3dd8c423c8c78fff00a5692ecf75d6e7ffd9),
(10, 'Digital logic and design', 'R.P.Jain', 'era', 2, 'Nice', '225', 'educational', 'Active', 'noimage.jpg', NULL),
(11, 'Applied Chemistry', 'Shashi Chawla', 'Sunrise', 2, 'A book with thorough description.', '450', 'educational', 'Active', 'noimage.jpg', NULL),
(13, 'COA', 'Willian', 'Pearson', 9, 'book is in very good condition;\r\nall pages are proper', '300', 'educational', 'Active', 'noimage.jpg', NULL);

-- --------------------------------------------------------

--
-- Table structure for table `booking`
--

CREATE TABLE IF NOT EXISTS `booking` (
  `s_id` varchar(32) NOT NULL,
  `b_id` varchar(32) NOT NULL,
  `book_id` int(11) NOT NULL,
  `booking_date` datetime NOT NULL,
  `exp_date` datetime NOT NULL,
  `sign` varchar(1) NOT NULL DEFAULT '+'
) ENGINE=InnoDB DEFAULT CHARSET=latin1;

--
-- Dumping data for table `booking`
--

INSERT INTO `booking` (`s_id`, `b_id`, `book_id`, `booking_date`, `exp_date`, `sign`) VALUES
('11fa011846a99d744ee6cd20ad234dc6', '11fa011846a99d744ee6cd20ad234dc6', 7, '2015-04-09 22:01:11', '2015-04-10 10:03:21', '='),
('4bafc780c16b4e47080913981cc63546', '11fa011846a99d744ee6cd20ad234dc6', 10, '2015-04-09 22:17:29', '2015-04-09 22:01:11', '='),
('4bafc780c16b4e47080913981cc63546', '11fa011846a99d744ee6cd20ad234dc6', 11, '2015-04-09 22:35:15', '2015-04-09 22:01:11', '='),
('11fa011846a99d744ee6cd20ad234dc6', '11fa011846a99d744ee6cd20ad234dc6', 7, '2015-04-10 00:30:06', '2015-04-10 10:03:21', '='),
('11fa011846a99d744ee6cd20ad234dc6', '11fa011846a99d744ee6cd20ad234dc6', 8, '2015-04-10 04:05:42', '2015-04-11 04:05:42', '='),
('11fa011846a99d744ee6cd20ad234dc6', '11fa011846a99d744ee6cd20ad234dc6', 7, '2015-04-10 04:07:45', '2015-04-10 10:03:21', '='),
('11fa011846a99d744ee6cd20ad234dc6', '11fa011846a99d744ee6cd20ad234dc6', 7, '2015-04-10 10:03:21', '2015-04-10 10:03:21', '='),
('11fa011846a99d744ee6cd20ad234dc6', '11fa011846a99d744ee6cd20ad234dc6', 13, '2015-04-11 13:14:24', '2015-04-12 13:14:24', '=');

-- --------------------------------------------------------

--
-- Table structure for table `requirement`
--

CREATE TABLE IF NOT EXISTS `requirement` (
  `name` varchar(30) NOT NULL,
  `author` varchar(30) NOT NULL,
  `publication` varchar(30) NOT NULL,
  `user_id` varchar(32) NOT NULL,
`r_id` int(11) NOT NULL
) ENGINE=InnoDB  DEFAULT CHARSET=latin1 AUTO_INCREMENT=5 ;

--
-- Dumping data for table `requirement`
--

INSERT INTO `requirement` (`name`, `author`, `publication`, `user_id`, `r_id`) VALUES
('System Programming', 'Dhamdhere', 'Mc-graw hill publication', '11fa011846a99d744ee6cd20ad234dc6', 1),
('Microprocessors and Micro...', 'Bhurchandi', 'unknown', '11fa011846a99d744ee6cd20ad234dc6', 2),
('Introduction to algorithm', 'Cormen', 'Indiana', '4bafc780c16b4e47080913981cc63546', 4);

-- --------------------------------------------------------

--
-- Table structure for table `review`
--

CREATE TABLE IF NOT EXISTS `review` (
  `id` varchar(32) NOT NULL,
  `rev` varchar(300) NOT NULL
) ENGINE=InnoDB DEFAULT CHARSET=latin1;

--
-- Dumping data for table `review`
--

INSERT INTO `review` (`id`, `rev`) VALUES
('11fa011846a99d744ee6cd20ad234dc6', 'SDFasdF'),
('83862d1e9449aee54ad8bb3a11632bbe', 'Nice website !!!'),
('66f3090b72521425904c7dfa8c6754c0', 'very useful site for college student\r\n');

-- --------------------------------------------------------

--
-- Table structure for table `transaction`
--

CREATE TABLE IF NOT EXISTS `transaction` (
  `s_id` varchar(32) NOT NULL,
  `b_id` varchar(32) DEFAULT NULL,
  `book_id` int(11) NOT NULL,
  `time_stamp` timestamp NOT NULL DEFAULT CURRENT_TIMESTAMP ON UPDATE CURRENT_TIMESTAMP
) ENGINE=InnoDB DEFAULT CHARSET=latin1;

--
-- Dumping data for table `transaction`
--

INSERT INTO `transaction` (`s_id`, `b_id`, `book_id`, `time_stamp`) VALUES
('4bafc780c16b4e47080913981cc63546', '11fa011846a99d744ee6cd20ad234dc6', 10, '2015-03-17 11:04:40'),
('4bafc780c16b4e47080913981cc63546', '11fa011846a99d744ee6cd20ad234dc6', 11, '2015-03-17 11:18:48'),
('4bafc780c16b4e47080913981cc63546', '11fa011846a99d744ee6cd20ad234dc6', 10, '2015-03-17 11:04:40'),
('4bafc780c16b4e47080913981cc63546', '11fa011846a99d744ee6cd20ad234dc6', 10, '2015-03-17 11:04:40'),
('4bafc780c16b4e47080913981cc63546', '11fa011846a99d744ee6cd20ad234dc6', 10, '2015-03-17 11:04:40'),
('4bafc780c16b4e47080913981cc63546', '11fa011846a99d744ee6cd20ad234dc6', 10, '2015-03-17 11:04:40'),
('4bafc780c16b4e47080913981cc63546', '11fa011846a99d744ee6cd20ad234dc6', 10, '2015-03-17 11:04:40'),
('4bafc780c16b4e47080913981cc63546', '11fa011846a99d744ee6cd20ad234dc6', 10, '2015-03-17 11:04:40'),
('4bafc780c16b4e47080913981cc63546', '11fa011846a99d744ee6cd20ad234dc6', 11, '2015-03-17 11:18:48'),
('4bafc780c16b4e47080913981cc63546', '11fa011846a99d744ee6cd20ad234dc6', 11, '2015-03-17 11:18:48'),
('4bafc780c16b4e47080913981cc63546', '11fa011846a99d744ee6cd20ad234dc6', 10, '2015-03-17 11:04:40'),
('4bafc780c16b4e47080913981cc63546', '11fa011846a99d744ee6cd20ad234dc6', 10, '2015-03-17 11:04:40'),
('4bafc780c16b4e47080913981cc63546', '11fa011846a99d744ee6cd20ad234dc6', 10, '2015-03-17 11:04:40'),
('4bafc780c16b4e47080913981cc63546', '11fa011846a99d744ee6cd20ad234dc6', 10, '2015-03-17 11:04:40'),
('4bafc780c16b4e47080913981cc63546', '11fa011846a99d744ee6cd20ad234dc6', 10, '2015-03-17 11:04:40'),
('4bafc780c16b4e47080913981cc63546', '11fa011846a99d744ee6cd20ad234dc6', 10, '2015-03-17 11:04:40'),
('4bafc780c16b4e47080913981cc63546', '11fa011846a99d744ee6cd20ad234dc6', 10, '2015-03-17 11:04:40'),
('4bafc780c16b4e47080913981cc63546', '11fa011846a99d744ee6cd20ad234dc6', 10, '2015-03-17 11:04:40'),
('4bafc780c16b4e47080913981cc63546', '11fa011846a99d744ee6cd20ad234dc6', 10, '2015-03-17 11:04:40'),
('4bafc780c16b4e47080913981cc63546', '11fa011846a99d744ee6cd20ad234dc6', 10, '2015-03-17 11:04:40'),
('4bafc780c16b4e47080913981cc63546', '11fa011846a99d744ee6cd20ad234dc6', 11, '2015-03-17 11:18:48'),
('4bafc780c16b4e47080913981cc63546', '11fa011846a99d744ee6cd20ad234dc6', 11, '2015-03-17 11:18:48'),
('4bafc780c16b4e47080913981cc63546', '11fa011846a99d744ee6cd20ad234dc6', 10, '2015-03-17 11:04:40'),
('4bafc780c16b4e47080913981cc63546', '11fa011846a99d744ee6cd20ad234dc6', 10, '2015-03-17 11:04:40'),
('4bafc780c16b4e47080913981cc63546', '11fa011846a99d744ee6cd20ad234dc6', 10, '2015-03-17 11:04:40'),
('4bafc780c16b4e47080913981cc63546', '11fa011846a99d744ee6cd20ad234dc6', 10, '2015-03-17 11:04:40'),
('4bafc780c16b4e47080913981cc63546', '11fa011846a99d744ee6cd20ad234dc6', 10, '2015-03-17 11:04:40'),
('4bafc780c16b4e47080913981cc63546', '11fa011846a99d744ee6cd20ad234dc6', 10, '2015-03-17 11:04:40'),
('4bafc780c16b4e47080913981cc63546', '11fa011846a99d744ee6cd20ad234dc6', 10, '2015-03-17 11:04:40'),
('4bafc780c16b4e47080913981cc63546', '11fa011846a99d744ee6cd20ad234dc6', 10, '2015-03-17 11:04:40'),
('4bafc780c16b4e47080913981cc63546', '11fa011846a99d744ee6cd20ad234dc6', 10, '2015-03-17 11:04:40'),
('4bafc780c16b4e47080913981cc63546', '11fa011846a99d744ee6cd20ad234dc6', 10, '2015-03-17 11:04:40'),
('4bafc780c16b4e47080913981cc63546', '11fa011846a99d744ee6cd20ad234dc6', 10, '2015-03-17 11:04:40'),
('4bafc780c16b4e47080913981cc63546', '11fa011846a99d744ee6cd20ad234dc6', 10, '2015-03-17 11:04:40'),
('4bafc780c16b4e47080913981cc63546', '11fa011846a99d744ee6cd20ad234dc6', 10, '2015-03-17 11:04:40'),
('4bafc780c16b4e47080913981cc63546', '11fa011846a99d744ee6cd20ad234dc6', 10, '2015-03-17 11:04:40'),
('4bafc780c16b4e47080913981cc63546', '11fa011846a99d744ee6cd20ad234dc6', 10, '2015-03-17 11:04:40'),
('4bafc780c16b4e47080913981cc63546', '11fa011846a99d744ee6cd20ad234dc6', 10, '2015-03-17 11:04:40'),
('4bafc780c16b4e47080913981cc63546', '11fa011846a99d744ee6cd20ad234dc6', 10, '2015-03-17 11:04:40'),
('4bafc780c16b4e47080913981cc63546', '11fa011846a99d744ee6cd20ad234dc6', 10, '2015-03-17 11:04:40'),
('4bafc780c16b4e47080913981cc63546', '11fa011846a99d744ee6cd20ad234dc6', 10, '2015-03-17 11:04:40'),
('4bafc780c16b4e47080913981cc63546', '11fa011846a99d744ee6cd20ad234dc6', 10, '2015-03-17 11:04:40'),
('4bafc780c16b4e47080913981cc63546', '11fa011846a99d744ee6cd20ad234dc6', 10, '2015-03-17 11:04:40'),
('4bafc780c16b4e47080913981cc63546', '11fa011846a99d744ee6cd20ad234dc6', 10, '2015-03-17 11:04:40'),
('4bafc780c16b4e47080913981cc63546', '11fa011846a99d744ee6cd20ad234dc6', 10, '2015-03-17 11:04:40'),
('4bafc780c16b4e47080913981cc63546', '11fa011846a99d744ee6cd20ad234dc6', 10, '2015-03-17 11:04:40'),
('4bafc780c16b4e47080913981cc63546', '11fa011846a99d744ee6cd20ad234dc6', 10, '2015-03-17 11:04:40'),
('4bafc780c16b4e47080913981cc63546', '11fa011846a99d744ee6cd20ad234dc6', 10, '2015-03-17 11:04:40'),
('4bafc780c16b4e47080913981cc63546', '11fa011846a99d744ee6cd20ad234dc6', 10, '2015-03-17 11:04:40'),
('4bafc780c16b4e47080913981cc63546', '11fa011846a99d744ee6cd20ad234dc6', 10, '2015-03-17 11:04:40'),
('4bafc780c16b4e47080913981cc63546', '11fa011846a99d744ee6cd20ad234dc6', 10, '2015-03-17 11:04:40'),
('4bafc780c16b4e47080913981cc63546', '11fa011846a99d744ee6cd20ad234dc6', 10, '2015-03-17 11:04:40'),
('4bafc780c16b4e47080913981cc63546', '11fa011846a99d744ee6cd20ad234dc6', 10, '2015-03-17 11:04:40'),
('4bafc780c16b4e47080913981cc63546', '11fa011846a99d744ee6cd20ad234dc6', 10, '2015-03-17 11:04:40'),
('11fa011846a99d744ee6cd20ad234dc6', NULL, 7, '2015-03-17 10:30:53'),
('11fa011846a99d744ee6cd20ad234dc6', NULL, 7, '2015-03-17 10:30:54'),
('4bafc780c16b4e47080913981cc63546', '11fa011846a99d744ee6cd20ad234dc6', 10, '2015-03-17 11:04:40'),
('4bafc780c16b4e47080913981cc63546', '11fa011846a99d744ee6cd20ad234dc6', 10, '2015-03-17 11:04:40'),
('4bafc780c16b4e47080913981cc63546', '11fa011846a99d744ee6cd20ad234dc6', 10, '2015-03-17 11:04:40'),
('4bafc780c16b4e47080913981cc63546', '11fa011846a99d744ee6cd20ad234dc6', 10, '2015-03-17 11:04:40'),
('4bafc780c16b4e47080913981cc63546', '11fa011846a99d744ee6cd20ad234dc6', 10, '2015-03-17 11:04:40'),
('4bafc780c16b4e47080913981cc63546', '11fa011846a99d744ee6cd20ad234dc6', 10, '2015-03-17 11:04:40'),
('4bafc780c16b4e47080913981cc63546', '11fa011846a99d744ee6cd20ad234dc6', 10, '2015-03-17 11:04:40'),
('4bafc780c16b4e47080913981cc63546', '11fa011846a99d744ee6cd20ad234dc6', 10, '2015-03-17 11:04:40'),
('4bafc780c16b4e47080913981cc63546', '11fa011846a99d744ee6cd20ad234dc6', 10, '2015-03-17 11:04:40'),
('4bafc780c16b4e47080913981cc63546', '11fa011846a99d744ee6cd20ad234dc6', 10, '2015-03-17 11:04:40'),
('4bafc780c16b4e47080913981cc63546', '11fa011846a99d744ee6cd20ad234dc6', 10, '2015-03-17 11:04:40'),
('4bafc780c16b4e47080913981cc63546', '11fa011846a99d744ee6cd20ad234dc6', 10, '2015-03-17 11:04:40'),
('4bafc780c16b4e47080913981cc63546', '11fa011846a99d744ee6cd20ad234dc6', 10, '2015-03-17 11:04:40'),
('4bafc780c16b4e47080913981cc63546', '11fa011846a99d744ee6cd20ad234dc6', 10, '2015-03-17 11:04:40'),
('4bafc780c16b4e47080913981cc63546', '11fa011846a99d744ee6cd20ad234dc6', 10, '2015-03-17 11:04:40'),
('4bafc780c16b4e47080913981cc63546', '11fa011846a99d744ee6cd20ad234dc6', 10, '2015-03-17 11:04:40'),
('4bafc780c16b4e47080913981cc63546', '11fa011846a99d744ee6cd20ad234dc6', 10, '2015-03-17 11:04:40'),
('4bafc780c16b4e47080913981cc63546', '11fa011846a99d744ee6cd20ad234dc6', 10, '2015-03-17 11:04:40'),
('4bafc780c16b4e47080913981cc63546', '11fa011846a99d744ee6cd20ad234dc6', 10, '2015-03-17 11:04:40'),
('4bafc780c16b4e47080913981cc63546', '11fa011846a99d744ee6cd20ad234dc6', 11, '2015-03-17 11:18:48'),
('11fa011846a99d744ee6cd20ad234dc6', '11fa011846a99d744ee6cd20ad234dc6', 8, '2015-04-06 18:23:33'),
('11fa011846a99d744ee6cd20ad234dc6', NULL, 8, '2015-04-06 18:23:45');

-- --------------------------------------------------------

--
-- Table structure for table `user`
--

CREATE TABLE IF NOT EXISTS `user` (
  `fname` varchar(30) NOT NULL,
  `lname` varchar(30) NOT NULL,
  `user_id` varchar(33) NOT NULL,
  `password` varchar(33) NOT NULL,
  `email_id` varchar(35) NOT NULL,
  `contact_no` varchar(13) NOT NULL,
  `status` varchar(10) DEFAULT 'active'
) ENGINE=InnoDB DEFAULT CHARSET=latin1;

--
-- Dumping data for table `user`
--

INSERT INTO `user` (`fname`, `lname`, `user_id`, `password`, `email_id`, `contact_no`, `status`) VALUES
('Dhananjay', 'Nagargoje', '11fa011846a99d744ee6cd20ad234dc6', 'fefec0e1a34b66d893ddd18e53bb9c7a', 'dhanu10896@gmail.com', '8888771135', 'active'),
('Ketan', 'Vijaykar', '4bafc780c16b4e47080913981cc63546', '202cb962ac59075b964b07152d234b70', 'ketanvijaykar@gmail.com', '7588601751', 'active'),
('aaryan', 'shirke', '66f3090b72521425904c7dfa8c6754c0', '827ccb0eea8a706c4c34a16891f84e7b', 'jpatil@gmail.com', '8965746+6', 'active'),
('Akshay', 'Khairkar', '83862d1e9449aee54ad8bb3a11632bbe', '3f34fb22a349a565624fb7d408e8a25a', 'akshay@gmail.com', '9876543210', 'active'),
('Ketan', 'Vijaykar', 'b6a4122e314ce33b0648bb543acc6b69', '7c050137046892135f2616268d3d89d6', 'ketanvijaykar1996@gmail.com', '8097582063', 'active');

-- --------------------------------------------------------

--
-- Table structure for table `wishlist`
--

CREATE TABLE IF NOT EXISTS `wishlist` (
  `user_id` varchar(32) NOT NULL,
  `book_id` int(11) NOT NULL
) ENGINE=InnoDB DEFAULT CHARSET=latin1;

--
-- Dumping data for table `wishlist`
--

INSERT INTO `wishlist` (`user_id`, `book_id`) VALUES
('11fa011846a99d744ee6cd20ad234dc6', 7),
('4bafc780c16b4e47080913981cc63546', 7),
('4bafc780c16b4e47080913981cc63546', 10),
('11fa011846a99d744ee6cd20ad234dc6', 10),
('11fa011846a99d744ee6cd20ad234dc6', 11),
('11fa011846a99d744ee6cd20ad234dc6', 8);

--
-- Indexes for dumped tables
--

--
-- Indexes for table `ads`
--
ALTER TABLE `ads`
 ADD KEY `user_id` (`user_id`), ADD KEY `book_id` (`book_id`);

--
-- Indexes for table `book`
--
ALTER TABLE `book`
 ADD PRIMARY KEY (`book_id`);

--
-- Indexes for table `booking`
--
ALTER TABLE `booking`
 ADD KEY `s_id` (`s_id`), ADD KEY `b_id` (`b_id`), ADD KEY `book_id` (`book_id`);

--
-- Indexes for table `requirement`
--
ALTER TABLE `requirement`
 ADD PRIMARY KEY (`r_id`), ADD KEY `user_id` (`user_id`);

--
-- Indexes for table `transaction`
--
ALTER TABLE `transaction`
 ADD KEY `s_id` (`s_id`), ADD KEY `b_id` (`b_id`), ADD KEY `book_id` (`book_id`);

--
-- Indexes for table `user`
--
ALTER TABLE `user`
 ADD PRIMARY KEY (`user_id`), ADD UNIQUE KEY `email_id` (`email_id`);

--
-- Indexes for table `wishlist`
--
ALTER TABLE `wishlist`
 ADD KEY `user_id` (`user_id`), ADD KEY `book_id` (`book_id`);

--
-- AUTO_INCREMENT for dumped tables
--

--
-- AUTO_INCREMENT for table `book`
--
ALTER TABLE `book`
MODIFY `book_id` int(11) NOT NULL AUTO_INCREMENT,AUTO_INCREMENT=14;
--
-- AUTO_INCREMENT for table `requirement`
--
ALTER TABLE `requirement`
MODIFY `r_id` int(11) NOT NULL AUTO_INCREMENT,AUTO_INCREMENT=5;
--
-- Constraints for dumped tables
--

--
-- Constraints for table `ads`
--
ALTER TABLE `ads`
ADD CONSTRAINT `ads_ibfk_1` FOREIGN KEY (`user_id`) REFERENCES `user` (`user_id`) ON DELETE CASCADE ON UPDATE CASCADE,
ADD CONSTRAINT `ads_ibfk_2` FOREIGN KEY (`book_id`) REFERENCES `book` (`book_id`) ON DELETE CASCADE ON UPDATE CASCADE;

--
-- Constraints for table `booking`
--
ALTER TABLE `booking`
ADD CONSTRAINT `booking_ibfk_1` FOREIGN KEY (`s_id`) REFERENCES `user` (`user_id`),
ADD CONSTRAINT `booking_ibfk_2` FOREIGN KEY (`b_id`) REFERENCES `user` (`user_id`) ON DELETE CASCADE ON UPDATE CASCADE,
ADD CONSTRAINT `booking_ibfk_3` FOREIGN KEY (`book_id`) REFERENCES `book` (`book_id`) ON DELETE CASCADE ON UPDATE CASCADE;

--
-- Constraints for table `requirement`
--
ALTER TABLE `requirement`
ADD CONSTRAINT `requirement_ibfk_1` FOREIGN KEY (`user_id`) REFERENCES `user` (`user_id`) ON DELETE CASCADE ON UPDATE CASCADE;

--
-- Constraints for table `transaction`
--
ALTER TABLE `transaction`
ADD CONSTRAINT `transaction_ibfk_1` FOREIGN KEY (`s_id`) REFERENCES `user` (`user_id`) ON DELETE CASCADE ON UPDATE CASCADE,
ADD CONSTRAINT `transaction_ibfk_2` FOREIGN KEY (`b_id`) REFERENCES `user` (`user_id`) ON DELETE CASCADE ON UPDATE CASCADE,
ADD CONSTRAINT `transaction_ibfk_3` FOREIGN KEY (`book_id`) REFERENCES `book` (`book_id`) ON DELETE CASCADE ON UPDATE CASCADE;

--
-- Constraints for table `wishlist`
--
ALTER TABLE `wishlist`
ADD CONSTRAINT `wishlist_ibfk_1` FOREIGN KEY (`user_id`) REFERENCES `user` (`user_id`) ON DELETE CASCADE ON UPDATE CASCADE,
ADD CONSTRAINT `wishlist_ibfk_2` FOREIGN KEY (`book_id`) REFERENCES `book` (`book_id`) ON DELETE CASCADE ON UPDATE CASCADE;

/*!40101 SET CHARACTER_SET_CLIENT=@OLD_CHARACTER_SET_CLIENT */;
/*!40101 SET CHARACTER_SET_RESULTS=@OLD_CHARACTER_SET_RESULTS */;
/*!40101 SET COLLATION_CONNECTION=@OLD_COLLATION_CONNECTION */;
